[0.062s] DEBUG:colcon:Command line arguments: ['/usr/bin/colcon', 'build']
[0.062s] DEBUG:colcon:Parsed command line arguments: Namespace(log_base=None, log_level=None, verb_name='build', build_base='build', install_base='install', merge_install=False, symlink_install=False, test_result_base=None, continue_on_error=False, executor='parallel', parallel_workers=16, event_handlers=None, ignore_user_meta=False, metas=['./colcon.meta'], base_paths=['.'], packages_ignore=None, packages_ignore_regex=None, paths=None, packages_up_to=None, packages_up_to_regex=None, packages_above=None, packages_above_and_dependencies=None, packages_above_depth=None, packages_select_by_dep=None, packages_skip_by_dep=None, packages_skip_up_to=None, packages_select_build_failed=False, packages_skip_build_finished=False, packages_select_test_failures=False, packages_skip_test_passed=False, packages_select=None, packages_skip=None, packages_select_regex=None, packages_skip_regex=None, packages_start=None, packages_end=None, allow_overriding=[], cmake_args=None, cmake_target=None, cmake_target_skip_unavailable=False, cmake_clean_cache=False, cmake_clean_first=False, cmake_force_configure=False, ament_cmake_args=None, catkin_cmake_args=None, catkin_skip_building_tests=False, mixin_files=None, mixin=None, verb_parser=<colcon_mixin.mixin.mixin_argument.MixinArgumentDecorator object at 0x7f2247b6a350>, verb_extension=<colcon_core.verb.build.BuildVerb object at 0x7f2247c97a00>, main=<bound method BuildVerb.main of <colcon_core.verb.build.BuildVerb object at 0x7f2247c97a00>>, mixin_verb=('build',))
[0.187s] Level 1:colcon.colcon_core.package_discovery:discover_packages(colcon_meta) check parameters
[0.187s] Level 1:colcon.colcon_core.package_discovery:discover_packages(recursive) check parameters
[0.187s] Level 1:colcon.colcon_core.package_discovery:discover_packages(ignore) check parameters
[0.187s] Level 1:colcon.colcon_core.package_discovery:discover_packages(path) check parameters
[0.187s] Level 1:colcon.colcon_core.package_discovery:discover_packages(colcon_meta) discover
[0.187s] Level 1:colcon.colcon_core.package_discovery:discover_packages(recursive) discover
[0.187s] INFO:colcon.colcon_core.package_discovery:Crawling recursively for packages in '/home/sunny/cleaner_ws/phyAI_ws'
[0.188s] Level 1:colcon.colcon_core.package_identification:_identify(.) by extensions ['ignore', 'ignore_ament_install']
[0.188s] Level 1:colcon.colcon_core.package_identification:_identify(.) by extension 'ignore'
[0.188s] Level 1:colcon.colcon_core.package_identification:_identify(.) by extension 'ignore_ament_install'
[0.188s] Level 1:colcon.colcon_core.package_identification:_identify(.) by extensions ['colcon_pkg']
[0.188s] Level 1:colcon.colcon_core.package_identification:_identify(.) by extension 'colcon_pkg'
[0.188s] Level 1:colcon.colcon_core.package_identification:_identify(.) by extensions ['colcon_meta']
[0.188s] Level 1:colcon.colcon_core.package_identification:_identify(.) by extension 'colcon_meta'
[0.188s] Level 1:colcon.colcon_core.package_identification:_identify(.) by extensions ['ros']
[0.188s] Level 1:colcon.colcon_core.package_identification:_identify(.) by extension 'ros'
[0.194s] Level 1:colcon.colcon_core.package_identification:_identify(.) by extensions ['cmake', 'python']
[0.194s] Level 1:colcon.colcon_core.package_identification:_identify(.) by extension 'cmake'
[0.194s] Level 1:colcon.colcon_core.package_identification:_identify(.) by extension 'python'
[0.194s] Level 1:colcon.colcon_core.package_identification:_identify(.) by extensions ['python_setup_py']
[0.194s] Level 1:colcon.colcon_core.package_identification:_identify(.) by extension 'python_setup_py'
[0.194s] Level 1:colcon.colcon_core.package_identification:_identify(build) by extensions ['ignore', 'ignore_ament_install']
[0.194s] Level 1:colcon.colcon_core.package_identification:_identify(build) by extension 'ignore'
[0.194s] Level 1:colcon.colcon_core.package_identification:_identify(build) ignored
[0.194s] Level 1:colcon.colcon_core.package_identification:_identify(install) by extensions ['ignore', 'ignore_ament_install']
[0.194s] Level 1:colcon.colcon_core.package_identification:_identify(install) by extension 'ignore'
[0.194s] Level 1:colcon.colcon_core.package_identification:_identify(install) ignored
[0.194s] Level 1:colcon.colcon_core.package_identification:_identify(log) by extensions ['ignore', 'ignore_ament_install']
[0.194s] Level 1:colcon.colcon_core.package_identification:_identify(log) by extension 'ignore'
[0.194s] Level 1:colcon.colcon_core.package_identification:_identify(log) ignored
[0.195s] Level 1:colcon.colcon_core.package_identification:_identify(map) by extensions ['ignore', 'ignore_ament_install']
[0.195s] Level 1:colcon.colcon_core.package_identification:_identify(map) by extension 'ignore'
[0.195s] Level 1:colcon.colcon_core.package_identification:_identify(map) by extension 'ignore_ament_install'
[0.195s] Level 1:colcon.colcon_core.package_identification:_identify(map) by extensions ['colcon_pkg']
[0.195s] Level 1:colcon.colcon_core.package_identification:_identify(map) by extension 'colcon_pkg'
[0.195s] Level 1:colcon.colcon_core.package_identification:_identify(map) by extensions ['colcon_meta']
[0.195s] Level 1:colcon.colcon_core.package_identification:_identify(map) by extension 'colcon_meta'
[0.195s] Level 1:colcon.colcon_core.package_identification:_identify(map) by extensions ['ros']
[0.195s] Level 1:colcon.colcon_core.package_identification:_identify(map) by extension 'ros'
[0.195s] Level 1:colcon.colcon_core.package_identification:_identify(map) by extensions ['cmake', 'python']
[0.195s] Level 1:colcon.colcon_core.package_identification:_identify(map) by extension 'cmake'
[0.195s] Level 1:colcon.colcon_core.package_identification:_identify(map) by extension 'python'
[0.195s] Level 1:colcon.colcon_core.package_identification:_identify(map) by extensions ['python_setup_py']
[0.195s] Level 1:colcon.colcon_core.package_identification:_identify(map) by extension 'python_setup_py'
[0.195s] Level 1:colcon.colcon_core.package_identification:_identify(src) by extensions ['ignore', 'ignore_ament_install']
[0.195s] Level 1:colcon.colcon_core.package_identification:_identify(src) by extension 'ignore'
[0.195s] Level 1:colcon.colcon_core.package_identification:_identify(src) by extension 'ignore_ament_install'
[0.195s] Level 1:colcon.colcon_core.package_identification:_identify(src) by extensions ['colcon_pkg']
[0.195s] Level 1:colcon.colcon_core.package_identification:_identify(src) by extension 'colcon_pkg'
[0.195s] Level 1:colcon.colcon_core.package_identification:_identify(src) by extensions ['colcon_meta']
[0.195s] Level 1:colcon.colcon_core.package_identification:_identify(src) by extension 'colcon_meta'
[0.195s] Level 1:colcon.colcon_core.package_identification:_identify(src) by extensions ['ros']
[0.195s] Level 1:colcon.colcon_core.package_identification:_identify(src) by extension 'ros'
[0.195s] Level 1:colcon.colcon_core.package_identification:_identify(src) by extensions ['cmake', 'python']
[0.195s] Level 1:colcon.colcon_core.package_identification:_identify(src) by extension 'cmake'
[0.195s] Level 1:colcon.colcon_core.package_identification:_identify(src) by extension 'python'
[0.195s] Level 1:colcon.colcon_core.package_identification:_identify(src) by extensions ['python_setup_py']
[0.195s] Level 1:colcon.colcon_core.package_identification:_identify(src) by extension 'python_setup_py'
[0.195s] Level 1:colcon.colcon_core.package_identification:_identify(src/cleaner_msgs) by extensions ['ignore', 'ignore_ament_install']
[0.195s] Level 1:colcon.colcon_core.package_identification:_identify(src/cleaner_msgs) by extension 'ignore'
[0.195s] Level 1:colcon.colcon_core.package_identification:_identify(src/cleaner_msgs) by extension 'ignore_ament_install'
[0.195s] Level 1:colcon.colcon_core.package_identification:_identify(src/cleaner_msgs) by extensions ['colcon_pkg']
[0.195s] Level 1:colcon.colcon_core.package_identification:_identify(src/cleaner_msgs) by extension 'colcon_pkg'
[0.195s] Level 1:colcon.colcon_core.package_identification:_identify(src/cleaner_msgs) by extensions ['colcon_meta']
[0.195s] Level 1:colcon.colcon_core.package_identification:_identify(src/cleaner_msgs) by extension 'colcon_meta'
[0.195s] Level 1:colcon.colcon_core.package_identification:_identify(src/cleaner_msgs) by extensions ['ros']
[0.195s] Level 1:colcon.colcon_core.package_identification:_identify(src/cleaner_msgs) by extension 'ros'
[0.197s] DEBUG:colcon.colcon_core.package_identification:Package 'src/cleaner_msgs' with type 'ros.ament_cmake' and name 'cleaner_msgs'
[0.197s] Level 1:colcon.colcon_core.package_identification:_identify(src/cleaner_system1) by extensions ['ignore', 'ignore_ament_install']
[0.197s] Level 1:colcon.colcon_core.package_identification:_identify(src/cleaner_system1) by extension 'ignore'
[0.197s] Level 1:colcon.colcon_core.package_identification:_identify(src/cleaner_system1) by extension 'ignore_ament_install'
[0.197s] Level 1:colcon.colcon_core.package_identification:_identify(src/cleaner_system1) by extensions ['colcon_pkg']
[0.197s] Level 1:colcon.colcon_core.package_identification:_identify(src/cleaner_system1) by extension 'colcon_pkg'
[0.197s] INFO:colcon.colcon_metadata.metadata.colcon_pkg:Setting type 'ros.ament_python' of package 'src/cleaner_system1' from colcon.pkg
[0.197s] INFO:colcon.colcon_metadata.metadata.colcon_pkg:Setting name 'cleaner_system1' of package 'src/cleaner_system1' from colcon.pkg
[0.197s] DEBUG:colcon.colcon_core.package_identification:Package 'src/cleaner_system1' with type 'ros.ament_python' and name 'cleaner_system1'
[0.197s] Level 1:colcon.colcon_core.package_identification:_identify(src/cleaner_system2) by extensions ['ignore', 'ignore_ament_install']
[0.197s] Level 1:colcon.colcon_core.package_identification:_identify(src/cleaner_system2) by extension 'ignore'
[0.197s] Level 1:colcon.colcon_core.package_identification:_identify(src/cleaner_system2) by extension 'ignore_ament_install'
[0.197s] Level 1:colcon.colcon_core.package_identification:_identify(src/cleaner_system2) by extensions ['colcon_pkg']
[0.197s] Level 1:colcon.colcon_core.package_identification:_identify(src/cleaner_system2) by extension 'colcon_pkg'
[0.197s] Level 1:colcon.colcon_core.package_identification:_identify(src/cleaner_system2) by extensions ['colcon_meta']
[0.197s] Level 1:colcon.colcon_core.package_identification:_identify(src/cleaner_system2) by extension 'colcon_meta'
[0.197s] Level 1:colcon.colcon_core.package_identification:_identify(src/cleaner_system2) by extensions ['ros']
[0.197s] Level 1:colcon.colcon_core.package_identification:_identify(src/cleaner_system2) by extension 'ros'
[0.198s] DEBUG:colcon.colcon_core.package_identification:Package 'src/cleaner_system2' with type 'ros.ament_python' and name 'cleaner_system2'
[0.198s] Level 1:colcon.colcon_core.package_identification:_identify(src/gptapi) by extensions ['ignore', 'ignore_ament_install']
[0.198s] Level 1:colcon.colcon_core.package_identification:_identify(src/gptapi) by extension 'ignore'
[0.198s] Level 1:colcon.colcon_core.package_identification:_identify(src/gptapi) by extension 'ignore_ament_install'
[0.198s] Level 1:colcon.colcon_core.package_identification:_identify(src/gptapi) by extensions ['colcon_pkg']
[0.198s] Level 1:colcon.colcon_core.package_identification:_identify(src/gptapi) by extension 'colcon_pkg'
[0.198s] Level 1:colcon.colcon_core.package_identification:_identify(src/gptapi) by extensions ['colcon_meta']
[0.198s] Level 1:colcon.colcon_core.package_identification:_identify(src/gptapi) by extension 'colcon_meta'
[0.198s] Level 1:colcon.colcon_core.package_identification:_identify(src/gptapi) by extensions ['ros']
[0.198s] Level 1:colcon.colcon_core.package_identification:_identify(src/gptapi) by extension 'ros'
[0.198s] DEBUG:colcon.colcon_core.package_identification:Package 'src/gptapi' with type 'ros.ament_python' and name 'gptapi'
[0.198s] Level 1:colcon.colcon_core.package_identification:_identify(src/usb_cam) by extensions ['ignore', 'ignore_ament_install']
[0.198s] Level 1:colcon.colcon_core.package_identification:_identify(src/usb_cam) by extension 'ignore'
[0.198s] Level 1:colcon.colcon_core.package_identification:_identify(src/usb_cam) by extension 'ignore_ament_install'
[0.199s] Level 1:colcon.colcon_core.package_identification:_identify(src/usb_cam) by extensions ['colcon_pkg']
[0.199s] Level 1:colcon.colcon_core.package_identification:_identify(src/usb_cam) by extension 'colcon_pkg'
[0.199s] Level 1:colcon.colcon_core.package_identification:_identify(src/usb_cam) by extensions ['colcon_meta']
[0.199s] Level 1:colcon.colcon_core.package_identification:_identify(src/usb_cam) by extension 'colcon_meta'
[0.199s] Level 1:colcon.colcon_core.package_identification:_identify(src/usb_cam) by extensions ['ros']
[0.199s] Level 1:colcon.colcon_core.package_identification:_identify(src/usb_cam) by extension 'ros'
[0.200s] DEBUG:colcon.colcon_core.package_identification:Package 'src/usb_cam' with type 'ros.ament_cmake' and name 'usb_cam'
[0.200s] Level 1:colcon.colcon_core.package_identification:_identify(src/vision_context_builder) by extensions ['ignore', 'ignore_ament_install']
[0.200s] Level 1:colcon.colcon_core.package_identification:_identify(src/vision_context_builder) by extension 'ignore'
[0.200s] Level 1:colcon.colcon_core.package_identification:_identify(src/vision_context_builder) by extension 'ignore_ament_install'
[0.200s] Level 1:colcon.colcon_core.package_identification:_identify(src/vision_context_builder) by extensions ['colcon_pkg']
[0.200s] Level 1:colcon.colcon_core.package_identification:_identify(src/vision_context_builder) by extension 'colcon_pkg'
[0.200s] Level 1:colcon.colcon_core.package_identification:_identify(src/vision_context_builder) by extensions ['colcon_meta']
[0.200s] Level 1:colcon.colcon_core.package_identification:_identify(src/vision_context_builder) by extension 'colcon_meta'
[0.200s] Level 1:colcon.colcon_core.package_identification:_identify(src/vision_context_builder) by extensions ['ros']
[0.200s] Level 1:colcon.colcon_core.package_identification:_identify(src/vision_context_builder) by extension 'ros'
[0.200s] DEBUG:colcon.colcon_core.package_identification:Package 'src/vision_context_builder' with type 'ros.ament_python' and name 'vision_context_builder'
[0.201s] Level 1:colcon.colcon_core.package_identification:_identify(src/yolov8_ros) by extensions ['ignore', 'ignore_ament_install']
[0.201s] Level 1:colcon.colcon_core.package_identification:_identify(src/yolov8_ros) by extension 'ignore'
[0.201s] Level 1:colcon.colcon_core.package_identification:_identify(src/yolov8_ros) by extension 'ignore_ament_install'
[0.201s] Level 1:colcon.colcon_core.package_identification:_identify(src/yolov8_ros) by extensions ['colcon_pkg']
[0.201s] Level 1:colcon.colcon_core.package_identification:_identify(src/yolov8_ros) by extension 'colcon_pkg'
[0.201s] Level 1:colcon.colcon_core.package_identification:_identify(src/yolov8_ros) by extensions ['colcon_meta']
[0.201s] Level 1:colcon.colcon_core.package_identification:_identify(src/yolov8_ros) by extension 'colcon_meta'
[0.201s] Level 1:colcon.colcon_core.package_identification:_identify(src/yolov8_ros) by extensions ['ros']
[0.201s] Level 1:colcon.colcon_core.package_identification:_identify(src/yolov8_ros) by extension 'ros'
[0.201s] Level 1:colcon.colcon_core.package_identification:_identify(src/yolov8_ros) by extensions ['cmake', 'python']
[0.201s] Level 1:colcon.colcon_core.package_identification:_identify(src/yolov8_ros) by extension 'cmake'
[0.201s] Level 1:colcon.colcon_core.package_identification:_identify(src/yolov8_ros) by extension 'python'
[0.201s] Level 1:colcon.colcon_core.package_identification:_identify(src/yolov8_ros) by extensions ['python_setup_py']
[0.201s] Level 1:colcon.colcon_core.package_identification:_identify(src/yolov8_ros) by extension 'python_setup_py'
[0.201s] Level 1:colcon.colcon_core.package_identification:_identify(src/yolov8_ros/yolov8_bringup) by extensions ['ignore', 'ignore_ament_install']
[0.201s] Level 1:colcon.colcon_core.package_identification:_identify(src/yolov8_ros/yolov8_bringup) by extension 'ignore'
[0.201s] Level 1:colcon.colcon_core.package_identification:_identify(src/yolov8_ros/yolov8_bringup) by extension 'ignore_ament_install'
[0.201s] Level 1:colcon.colcon_core.package_identification:_identify(src/yolov8_ros/yolov8_bringup) by extensions ['colcon_pkg']
[0.201s] Level 1:colcon.colcon_core.package_identification:_identify(src/yolov8_ros/yolov8_bringup) by extension 'colcon_pkg'
[0.201s] Level 1:colcon.colcon_core.package_identification:_identify(src/yolov8_ros/yolov8_bringup) by extensions ['colcon_meta']
[0.201s] Level 1:colcon.colcon_core.package_identification:_identify(src/yolov8_ros/yolov8_bringup) by extension 'colcon_meta'
[0.201s] Level 1:colcon.colcon_core.package_identification:_identify(src/yolov8_ros/yolov8_bringup) by extensions ['ros']
[0.201s] Level 1:colcon.colcon_core.package_identification:_identify(src/yolov8_ros/yolov8_bringup) by extension 'ros'
[0.201s] DEBUG:colcon.colcon_core.package_identification:Package 'src/yolov8_ros/yolov8_bringup' with type 'ros.ament_cmake' and name 'yolov8_bringup'
[0.201s] Level 1:colcon.colcon_core.package_identification:_identify(src/yolov8_ros/yolov8_msgs) by extensions ['ignore', 'ignore_ament_install']
[0.201s] Level 1:colcon.colcon_core.package_identification:_identify(src/yolov8_ros/yolov8_msgs) by extension 'ignore'
[0.201s] Level 1:colcon.colcon_core.package_identification:_identify(src/yolov8_ros/yolov8_msgs) by extension 'ignore_ament_install'
[0.201s] Level 1:colcon.colcon_core.package_identification:_identify(src/yolov8_ros/yolov8_msgs) by extensions ['colcon_pkg']
[0.201s] Level 1:colcon.colcon_core.package_identification:_identify(src/yolov8_ros/yolov8_msgs) by extension 'colcon_pkg'
[0.202s] Level 1:colcon.colcon_core.package_identification:_identify(src/yolov8_ros/yolov8_msgs) by extensions ['colcon_meta']
[0.202s] Level 1:colcon.colcon_core.package_identification:_identify(src/yolov8_ros/yolov8_msgs) by extension 'colcon_meta'
[0.202s] Level 1:colcon.colcon_core.package_identification:_identify(src/yolov8_ros/yolov8_msgs) by extensions ['ros']
[0.202s] Level 1:colcon.colcon_core.package_identification:_identify(src/yolov8_ros/yolov8_msgs) by extension 'ros'
[0.202s] DEBUG:colcon.colcon_core.package_identification:Package 'src/yolov8_ros/yolov8_msgs' with type 'ros.ament_cmake' and name 'yolov8_msgs'
[0.202s] Level 1:colcon.colcon_core.package_identification:_identify(src/yolov8_ros/yolov8_ros) by extensions ['ignore', 'ignore_ament_install']
[0.202s] Level 1:colcon.colcon_core.package_identification:_identify(src/yolov8_ros/yolov8_ros) by extension 'ignore'
[0.202s] Level 1:colcon.colcon_core.package_identification:_identify(src/yolov8_ros/yolov8_ros) by extension 'ignore_ament_install'
[0.202s] Level 1:colcon.colcon_core.package_identification:_identify(src/yolov8_ros/yolov8_ros) by extensions ['colcon_pkg']
[0.202s] Level 1:colcon.colcon_core.package_identification:_identify(src/yolov8_ros/yolov8_ros) by extension 'colcon_pkg'
[0.202s] Level 1:colcon.colcon_core.package_identification:_identify(src/yolov8_ros/yolov8_ros) by extensions ['colcon_meta']
[0.202s] Level 1:colcon.colcon_core.package_identification:_identify(src/yolov8_ros/yolov8_ros) by extension 'colcon_meta'
[0.202s] Level 1:colcon.colcon_core.package_identification:_identify(src/yolov8_ros/yolov8_ros) by extensions ['ros']
[0.202s] Level 1:colcon.colcon_core.package_identification:_identify(src/yolov8_ros/yolov8_ros) by extension 'ros'
[0.203s] DEBUG:colcon.colcon_core.package_identification:Package 'src/yolov8_ros/yolov8_ros' with type 'ros.ament_python' and name 'yolov8_ros'
[0.203s] Level 1:colcon.colcon_core.package_discovery:discover_packages(recursive) using defaults
[0.203s] Level 1:colcon.colcon_core.package_discovery:discover_packages(ignore) discover
[0.203s] Level 1:colcon.colcon_core.package_discovery:discover_packages(ignore) using defaults
[0.203s] Level 1:colcon.colcon_core.package_discovery:discover_packages(path) discover
[0.203s] Level 1:colcon.colcon_core.package_discovery:discover_packages(path) using defaults
[0.213s] INFO:colcon.colcon_metadata.metadata.colcon_pkg:Updating descriptor of package 'src/cleaner_system1' from colcon.pkg: {'name': 'cleaner_system1', 'type': 'ros.ament_python'}
[0.213s] DEBUG:colcon.colcon_core.package_identification:Failed to parse potential ROS package manifest in'src/cleaner_system1': Error(s) in package 'src/cleaner_system1/package.xml':
The manifest contains invalid XML:
not well-formed (invalid token): line 6, column 86
[0.214s] Level 1:colcon.colcon_core.package_discovery:discover_packages(prefix_path) check parameters
[0.214s] Level 1:colcon.colcon_core.package_discovery:discover_packages(prefix_path) discover
[0.216s] DEBUG:colcon.colcon_installed_package_information.package_discovery:Found 451 installed packages in /opt/ros/humble
[0.218s] Level 1:colcon.colcon_core.package_discovery:discover_packages(prefix_path) using defaults
[0.248s] Level 5:colcon.colcon_core.verb:set package 'cleaner_msgs' build argument 'cmake_args' from command line to 'None'
[0.248s] Level 5:colcon.colcon_core.verb:set package 'cleaner_msgs' build argument 'cmake_target' from command line to 'None'
[0.248s] Level 5:colcon.colcon_core.verb:set package 'cleaner_msgs' build argument 'cmake_target_skip_unavailable' from command line to 'False'
[0.248s] Level 5:colcon.colcon_core.verb:set package 'cleaner_msgs' build argument 'cmake_clean_cache' from command line to 'False'
[0.248s] Level 5:colcon.colcon_core.verb:set package 'cleaner_msgs' build argument 'cmake_clean_first' from command line to 'False'
[0.248s] Level 5:colcon.colcon_core.verb:set package 'cleaner_msgs' build argument 'cmake_force_configure' from command line to 'False'
[0.248s] Level 5:colcon.colcon_core.verb:set package 'cleaner_msgs' build argument 'ament_cmake_args' from command line to 'None'
[0.248s] Level 5:colcon.colcon_core.verb:set package 'cleaner_msgs' build argument 'catkin_cmake_args' from command line to 'None'
[0.248s] Level 5:colcon.colcon_core.verb:set package 'cleaner_msgs' build argument 'catkin_skip_building_tests' from command line to 'False'
[0.248s] DEBUG:colcon.colcon_core.verb:Building package 'cleaner_msgs' with the following arguments: {'ament_cmake_args': None, 'build_base': '/home/sunny/cleaner_ws/phyAI_ws/build/cleaner_msgs', 'catkin_cmake_args': None, 'catkin_skip_building_tests': False, 'cmake_args': None, 'cmake_clean_cache': False, 'cmake_clean_first': False, 'cmake_force_configure': False, 'cmake_target': None, 'cmake_target_skip_unavailable': False, 'install_base': '/home/sunny/cleaner_ws/phyAI_ws/install/cleaner_msgs', 'merge_install': False, 'path': '/home/sunny/cleaner_ws/phyAI_ws/src/cleaner_msgs', 'symlink_install': False, 'test_result_base': None}
[0.248s] Level 5:colcon.colcon_core.verb:set package 'cleaner_system1' build argument 'cmake_args' from command line to 'None'
[0.248s] Level 5:colcon.colcon_core.verb:set package 'cleaner_system1' build argument 'cmake_target' from command line to 'None'
[0.248s] Level 5:colcon.colcon_core.verb:set package 'cleaner_system1' build argument 'cmake_target_skip_unavailable' from command line to 'False'
[0.248s] Level 5:colcon.colcon_core.verb:set package 'cleaner_system1' build argument 'cmake_clean_cache' from command line to 'False'
[0.248s] Level 5:colcon.colcon_core.verb:set package 'cleaner_system1' build argument 'cmake_clean_first' from command line to 'False'
[0.248s] Level 5:colcon.colcon_core.verb:set package 'cleaner_system1' build argument 'cmake_force_configure' from command line to 'False'
[0.248s] Level 5:colcon.colcon_core.verb:set package 'cleaner_system1' build argument 'ament_cmake_args' from command line to 'None'
[0.248s] Level 5:colcon.colcon_core.verb:set package 'cleaner_system1' build argument 'catkin_cmake_args' from command line to 'None'
[0.248s] Level 5:colcon.colcon_core.verb:set package 'cleaner_system1' build argument 'catkin_skip_building_tests' from command line to 'False'
[0.248s] DEBUG:colcon.colcon_core.verb:Building package 'cleaner_system1' with the following arguments: {'ament_cmake_args': None, 'build_base': '/home/sunny/cleaner_ws/phyAI_ws/build/cleaner_system1', 'catkin_cmake_args': None, 'catkin_skip_building_tests': False, 'cmake_args': None, 'cmake_clean_cache': False, 'cmake_clean_first': False, 'cmake_force_configure': False, 'cmake_target': None, 'cmake_target_skip_unavailable': False, 'install_base': '/home/sunny/cleaner_ws/phyAI_ws/install/cleaner_system1', 'merge_install': False, 'path': '/home/sunny/cleaner_ws/phyAI_ws/src/cleaner_system1', 'symlink_install': False, 'test_result_base': None}
[0.248s] Level 5:colcon.colcon_core.verb:set package 'cleaner_system2' build argument 'cmake_args' from command line to 'None'
[0.248s] Level 5:colcon.colcon_core.verb:set package 'cleaner_system2' build argument 'cmake_target' from command line to 'None'
[0.248s] Level 5:colcon.colcon_core.verb:set package 'cleaner_system2' build argument 'cmake_target_skip_unavailable' from command line to 'False'
[0.248s] Level 5:colcon.colcon_core.verb:set package 'cleaner_system2' build argument 'cmake_clean_cache' from command line to 'False'
[0.248s] Level 5:colcon.colcon_core.verb:set package 'cleaner_system2' build argument 'cmake_clean_first' from command line to 'False'
[0.248s] Level 5:colcon.colcon_core.verb:set package 'cleaner_system2' build argument 'cmake_force_configure' from command line to 'False'
[0.248s] Level 5:colcon.colcon_core.verb:set package 'cleaner_system2' build argument 'ament_cmake_args' from command line to 'None'
[0.248s] Level 5:colcon.colcon_core.verb:set package 'cleaner_system2' build argument 'catkin_cmake_args' from command line to 'None'
[0.248s] Level 5:colcon.colcon_core.verb:set package 'cleaner_system2' build argument 'catkin_skip_building_tests' from command line to 'False'
[0.248s] DEBUG:colcon.colcon_core.verb:Building package 'cleaner_system2' with the following arguments: {'ament_cmake_args': None, 'build_base': '/home/sunny/cleaner_ws/phyAI_ws/build/cleaner_system2', 'catkin_cmake_args': None, 'catkin_skip_building_tests': False, 'cmake_args': None, 'cmake_clean_cache': False, 'cmake_clean_first': False, 'cmake_force_configure': False, 'cmake_target': None, 'cmake_target_skip_unavailable': False, 'install_base': '/home/sunny/cleaner_ws/phyAI_ws/install/cleaner_system2', 'merge_install': False, 'path': '/home/sunny/cleaner_ws/phyAI_ws/src/cleaner_system2', 'symlink_install': False, 'test_result_base': None}
[0.248s] Level 5:colcon.colcon_core.verb:set package 'gptapi' build argument 'cmake_args' from command line to 'None'
[0.248s] Level 5:colcon.colcon_core.verb:set package 'gptapi' build argument 'cmake_target' from command line to 'None'
[0.248s] Level 5:colcon.colcon_core.verb:set package 'gptapi' build argument 'cmake_target_skip_unavailable' from command line to 'False'
[0.248s] Level 5:colcon.colcon_core.verb:set package 'gptapi' build argument 'cmake_clean_cache' from command line to 'False'
[0.248s] Level 5:colcon.colcon_core.verb:set package 'gptapi' build argument 'cmake_clean_first' from command line to 'False'
[0.248s] Level 5:colcon.colcon_core.verb:set package 'gptapi' build argument 'cmake_force_configure' from command line to 'False'
[0.248s] Level 5:colcon.colcon_core.verb:set package 'gptapi' build argument 'ament_cmake_args' from command line to 'None'
[0.248s] Level 5:colcon.colcon_core.verb:set package 'gptapi' build argument 'catkin_cmake_args' from command line to 'None'
[0.248s] Level 5:colcon.colcon_core.verb:set package 'gptapi' build argument 'catkin_skip_building_tests' from command line to 'False'
[0.248s] DEBUG:colcon.colcon_core.verb:Building package 'gptapi' with the following arguments: {'ament_cmake_args': None, 'build_base': '/home/sunny/cleaner_ws/phyAI_ws/build/gptapi', 'catkin_cmake_args': None, 'catkin_skip_building_tests': False, 'cmake_args': None, 'cmake_clean_cache': False, 'cmake_clean_first': False, 'cmake_force_configure': False, 'cmake_target': None, 'cmake_target_skip_unavailable': False, 'install_base': '/home/sunny/cleaner_ws/phyAI_ws/install/gptapi', 'merge_install': False, 'path': '/home/sunny/cleaner_ws/phyAI_ws/src/gptapi', 'symlink_install': False, 'test_result_base': None}
[0.249s] Level 5:colcon.colcon_core.verb:set package 'usb_cam' build argument 'cmake_args' from command line to 'None'
[0.249s] Level 5:colcon.colcon_core.verb:set package 'usb_cam' build argument 'cmake_target' from command line to 'None'
[0.249s] Level 5:colcon.colcon_core.verb:set package 'usb_cam' build argument 'cmake_target_skip_unavailable' from command line to 'False'
[0.249s] Level 5:colcon.colcon_core.verb:set package 'usb_cam' build argument 'cmake_clean_cache' from command line to 'False'
[0.249s] Level 5:colcon.colcon_core.verb:set package 'usb_cam' build argument 'cmake_clean_first' from command line to 'False'
[0.249s] Level 5:colcon.colcon_core.verb:set package 'usb_cam' build argument 'cmake_force_configure' from command line to 'False'
[0.249s] Level 5:colcon.colcon_core.verb:set package 'usb_cam' build argument 'ament_cmake_args' from command line to 'None'
[0.249s] Level 5:colcon.colcon_core.verb:set package 'usb_cam' build argument 'catkin_cmake_args' from command line to 'None'
[0.249s] Level 5:colcon.colcon_core.verb:set package 'usb_cam' build argument 'catkin_skip_building_tests' from command line to 'False'
[0.249s] DEBUG:colcon.colcon_core.verb:Building package 'usb_cam' with the following arguments: {'ament_cmake_args': None, 'build_base': '/home/sunny/cleaner_ws/phyAI_ws/build/usb_cam', 'catkin_cmake_args': None, 'catkin_skip_building_tests': False, 'cmake_args': None, 'cmake_clean_cache': False, 'cmake_clean_first': False, 'cmake_force_configure': False, 'cmake_target': None, 'cmake_target_skip_unavailable': False, 'install_base': '/home/sunny/cleaner_ws/phyAI_ws/install/usb_cam', 'merge_install': False, 'path': '/home/sunny/cleaner_ws/phyAI_ws/src/usb_cam', 'symlink_install': False, 'test_result_base': None}
[0.249s] Level 5:colcon.colcon_core.verb:set package 'yolov8_msgs' build argument 'cmake_args' from command line to 'None'
[0.249s] Level 5:colcon.colcon_core.verb:set package 'yolov8_msgs' build argument 'cmake_target' from command line to 'None'
[0.249s] Level 5:colcon.colcon_core.verb:set package 'yolov8_msgs' build argument 'cmake_target_skip_unavailable' from command line to 'False'
[0.249s] Level 5:colcon.colcon_core.verb:set package 'yolov8_msgs' build argument 'cmake_clean_cache' from command line to 'False'
[0.249s] Level 5:colcon.colcon_core.verb:set package 'yolov8_msgs' build argument 'cmake_clean_first' from command line to 'False'
[0.249s] Level 5:colcon.colcon_core.verb:set package 'yolov8_msgs' build argument 'cmake_force_configure' from command line to 'False'
[0.249s] Level 5:colcon.colcon_core.verb:set package 'yolov8_msgs' build argument 'ament_cmake_args' from command line to 'None'
[0.249s] Level 5:colcon.colcon_core.verb:set package 'yolov8_msgs' build argument 'catkin_cmake_args' from command line to 'None'
[0.249s] Level 5:colcon.colcon_core.verb:set package 'yolov8_msgs' build argument 'catkin_skip_building_tests' from command line to 'False'
[0.249s] DEBUG:colcon.colcon_core.verb:Building package 'yolov8_msgs' with the following arguments: {'ament_cmake_args': None, 'build_base': '/home/sunny/cleaner_ws/phyAI_ws/build/yolov8_msgs', 'catkin_cmake_args': None, 'catkin_skip_building_tests': False, 'cmake_args': None, 'cmake_clean_cache': False, 'cmake_clean_first': False, 'cmake_force_configure': False, 'cmake_target': None, 'cmake_target_skip_unavailable': False, 'install_base': '/home/sunny/cleaner_ws/phyAI_ws/install/yolov8_msgs', 'merge_install': False, 'path': '/home/sunny/cleaner_ws/phyAI_ws/src/yolov8_ros/yolov8_msgs', 'symlink_install': False, 'test_result_base': None}
[0.249s] Level 5:colcon.colcon_core.verb:set package 'yolov8_ros' build argument 'cmake_args' from command line to 'None'
[0.249s] Level 5:colcon.colcon_core.verb:set package 'yolov8_ros' build argument 'cmake_target' from command line to 'None'
[0.249s] Level 5:colcon.colcon_core.verb:set package 'yolov8_ros' build argument 'cmake_target_skip_unavailable' from command line to 'False'
[0.249s] Level 5:colcon.colcon_core.verb:set package 'yolov8_ros' build argument 'cmake_clean_cache' from command line to 'False'
[0.249s] Level 5:colcon.colcon_core.verb:set package 'yolov8_ros' build argument 'cmake_clean_first' from command line to 'False'
[0.249s] Level 5:colcon.colcon_core.verb:set package 'yolov8_ros' build argument 'cmake_force_configure' from command line to 'False'
[0.249s] Level 5:colcon.colcon_core.verb:set package 'yolov8_ros' build argument 'ament_cmake_args' from command line to 'None'
[0.249s] Level 5:colcon.colcon_core.verb:set package 'yolov8_ros' build argument 'catkin_cmake_args' from command line to 'None'
[0.249s] Level 5:colcon.colcon_core.verb:set package 'yolov8_ros' build argument 'catkin_skip_building_tests' from command line to 'False'
[0.249s] DEBUG:colcon.colcon_core.verb:Building package 'yolov8_ros' with the following arguments: {'ament_cmake_args': None, 'build_base': '/home/sunny/cleaner_ws/phyAI_ws/build/yolov8_ros', 'catkin_cmake_args': None, 'catkin_skip_building_tests': False, 'cmake_args': None, 'cmake_clean_cache': False, 'cmake_clean_first': False, 'cmake_force_configure': False, 'cmake_target': None, 'cmake_target_skip_unavailable': False, 'install_base': '/home/sunny/cleaner_ws/phyAI_ws/install/yolov8_ros', 'merge_install': False, 'path': '/home/sunny/cleaner_ws/phyAI_ws/src/yolov8_ros/yolov8_ros', 'symlink_install': False, 'test_result_base': None}
[0.249s] Level 5:colcon.colcon_core.verb:set package 'vision_context_builder' build argument 'cmake_args' from command line to 'None'
[0.249s] Level 5:colcon.colcon_core.verb:set package 'vision_context_builder' build argument 'cmake_target' from command line to 'None'
[0.249s] Level 5:colcon.colcon_core.verb:set package 'vision_context_builder' build argument 'cmake_target_skip_unavailable' from command line to 'False'
[0.249s] Level 5:colcon.colcon_core.verb:set package 'vision_context_builder' build argument 'cmake_clean_cache' from command line to 'False'
[0.249s] Level 5:colcon.colcon_core.verb:set package 'vision_context_builder' build argument 'cmake_clean_first' from command line to 'False'
[0.249s] Level 5:colcon.colcon_core.verb:set package 'vision_context_builder' build argument 'cmake_force_configure' from command line to 'False'
[0.249s] Level 5:colcon.colcon_core.verb:set package 'vision_context_builder' build argument 'ament_cmake_args' from command line to 'None'
[0.249s] Level 5:colcon.colcon_core.verb:set package 'vision_context_builder' build argument 'catkin_cmake_args' from command line to 'None'
[0.249s] Level 5:colcon.colcon_core.verb:set package 'vision_context_builder' build argument 'catkin_skip_building_tests' from command line to 'False'
[0.249s] DEBUG:colcon.colcon_core.verb:Building package 'vision_context_builder' with the following arguments: {'ament_cmake_args': None, 'build_base': '/home/sunny/cleaner_ws/phyAI_ws/build/vision_context_builder', 'catkin_cmake_args': None, 'catkin_skip_building_tests': False, 'cmake_args': None, 'cmake_clean_cache': False, 'cmake_clean_first': False, 'cmake_force_configure': False, 'cmake_target': None, 'cmake_target_skip_unavailable': False, 'install_base': '/home/sunny/cleaner_ws/phyAI_ws/install/vision_context_builder', 'merge_install': False, 'path': '/home/sunny/cleaner_ws/phyAI_ws/src/vision_context_builder', 'symlink_install': False, 'test_result_base': None}
[0.250s] Level 5:colcon.colcon_core.verb:set package 'yolov8_bringup' build argument 'cmake_args' from command line to 'None'
[0.250s] Level 5:colcon.colcon_core.verb:set package 'yolov8_bringup' build argument 'cmake_target' from command line to 'None'
[0.250s] Level 5:colcon.colcon_core.verb:set package 'yolov8_bringup' build argument 'cmake_target_skip_unavailable' from command line to 'False'
[0.250s] Level 5:colcon.colcon_core.verb:set package 'yolov8_bringup' build argument 'cmake_clean_cache' from command line to 'False'
[0.250s] Level 5:colcon.colcon_core.verb:set package 'yolov8_bringup' build argument 'cmake_clean_first' from command line to 'False'
[0.250s] Level 5:colcon.colcon_core.verb:set package 'yolov8_bringup' build argument 'cmake_force_configure' from command line to 'False'
[0.250s] Level 5:colcon.colcon_core.verb:set package 'yolov8_bringup' build argument 'ament_cmake_args' from command line to 'None'
[0.250s] Level 5:colcon.colcon_core.verb:set package 'yolov8_bringup' build argument 'catkin_cmake_args' from command line to 'None'
[0.250s] Level 5:colcon.colcon_core.verb:set package 'yolov8_bringup' build argument 'catkin_skip_building_tests' from command line to 'False'
[0.250s] DEBUG:colcon.colcon_core.verb:Building package 'yolov8_bringup' with the following arguments: {'ament_cmake_args': None, 'build_base': '/home/sunny/cleaner_ws/phyAI_ws/build/yolov8_bringup', 'catkin_cmake_args': None, 'catkin_skip_building_tests': False, 'cmake_args': None, 'cmake_clean_cache': False, 'cmake_clean_first': False, 'cmake_force_configure': False, 'cmake_target': None, 'cmake_target_skip_unavailable': False, 'install_base': '/home/sunny/cleaner_ws/phyAI_ws/install/yolov8_bringup', 'merge_install': False, 'path': '/home/sunny/cleaner_ws/phyAI_ws/src/yolov8_ros/yolov8_bringup', 'symlink_install': False, 'test_result_base': None}
[0.250s] INFO:colcon.colcon_core.executor:Executing jobs using 'parallel' executor
[0.250s] DEBUG:colcon.colcon_parallel_executor.executor.parallel:run_until_complete
[0.251s] INFO:colcon.colcon_ros.task.ament_cmake.build:Building ROS package in '/home/sunny/cleaner_ws/phyAI_ws/src/yolov8_ros/yolov8_msgs' with build type 'ament_cmake'
[0.251s] INFO:colcon.colcon_cmake.task.cmake.build:Building CMake package in '/home/sunny/cleaner_ws/phyAI_ws/src/yolov8_ros/yolov8_msgs'
[0.252s] INFO:colcon.colcon_core.plugin_system:Skipping extension 'colcon_core.shell.bat': Not used on non-Windows systems
[0.252s] INFO:colcon.colcon_core.shell:Skip shell extension 'powershell' for command environment: Not usable outside of PowerShell
[0.252s] DEBUG:colcon.colcon_core.shell:Skip shell extension 'dsv' for command environment
[0.255s] INFO:colcon.colcon_ros.task.ament_python.build:Building ROS package in '/home/sunny/cleaner_ws/phyAI_ws/src/yolov8_ros/yolov8_ros' with build type 'ament_python'
[0.255s] Level 1:colcon.colcon_core.shell:create_environment_hook('yolov8_ros', 'ament_prefix_path')
[0.255s] INFO:colcon.colcon_core.shell:Creating environment hook '/home/sunny/cleaner_ws/phyAI_ws/install/yolov8_ros/share/yolov8_ros/hook/ament_prefix_path.ps1'
[0.256s] INFO:colcon.colcon_core.shell:Creating environment descriptor '/home/sunny/cleaner_ws/phyAI_ws/install/yolov8_ros/share/yolov8_ros/hook/ament_prefix_path.dsv'
[0.256s] INFO:colcon.colcon_core.shell:Creating environment hook '/home/sunny/cleaner_ws/phyAI_ws/install/yolov8_ros/share/yolov8_ros/hook/ament_prefix_path.sh'
[0.257s] INFO:colcon.colcon_core.shell:Skip shell extension 'powershell' for command environment: Not usable outside of PowerShell
[0.257s] DEBUG:colcon.colcon_core.shell:Skip shell extension 'dsv' for command environment
[0.259s] INFO:colcon.colcon_ros.task.ament_cmake.build:Building ROS package in '/home/sunny/cleaner_ws/phyAI_ws/src/cleaner_msgs' with build type 'ament_cmake'
[0.259s] INFO:colcon.colcon_cmake.task.cmake.build:Building CMake package in '/home/sunny/cleaner_ws/phyAI_ws/src/cleaner_msgs'
[0.259s] INFO:colcon.colcon_core.shell:Skip shell extension 'powershell' for command environment: Not usable outside of PowerShell
[0.259s] DEBUG:colcon.colcon_core.shell:Skip shell extension 'dsv' for command environment
[0.261s] INFO:colcon.colcon_ros.task.ament_python.build:Building ROS package in '/home/sunny/cleaner_ws/phyAI_ws/src/cleaner_system1' with build type 'ament_python'
[0.261s] Level 1:colcon.colcon_core.shell:create_environment_hook('cleaner_system1', 'ament_prefix_path')
[0.261s] INFO:colcon.colcon_core.shell:Creating environment hook '/home/sunny/cleaner_ws/phyAI_ws/install/cleaner_system1/share/cleaner_system1/hook/ament_prefix_path.ps1'
[0.261s] INFO:colcon.colcon_core.shell:Creating environment descriptor '/home/sunny/cleaner_ws/phyAI_ws/install/cleaner_system1/share/cleaner_system1/hook/ament_prefix_path.dsv'
[0.262s] INFO:colcon.colcon_core.shell:Creating environment hook '/home/sunny/cleaner_ws/phyAI_ws/install/cleaner_system1/share/cleaner_system1/hook/ament_prefix_path.sh'
[0.262s] INFO:colcon.colcon_core.shell:Skip shell extension 'powershell' for command environment: Not usable outside of PowerShell
[0.262s] DEBUG:colcon.colcon_core.shell:Skip shell extension 'dsv' for command environment
[0.264s] INFO:colcon.colcon_ros.task.ament_python.build:Building ROS package in '/home/sunny/cleaner_ws/phyAI_ws/src/cleaner_system2' with build type 'ament_python'
[0.264s] Level 1:colcon.colcon_core.shell:create_environment_hook('cleaner_system2', 'ament_prefix_path')
[0.265s] INFO:colcon.colcon_core.shell:Creating environment hook '/home/sunny/cleaner_ws/phyAI_ws/install/cleaner_system2/share/cleaner_system2/hook/ament_prefix_path.ps1'
[0.266s] INFO:colcon.colcon_core.shell:Creating environment descriptor '/home/sunny/cleaner_ws/phyAI_ws/install/cleaner_system2/share/cleaner_system2/hook/ament_prefix_path.dsv'
[0.267s] INFO:colcon.colcon_core.shell:Creating environment hook '/home/sunny/cleaner_ws/phyAI_ws/install/cleaner_system2/share/cleaner_system2/hook/ament_prefix_path.sh'
[0.267s] INFO:colcon.colcon_core.shell:Skip shell extension 'powershell' for command environment: Not usable outside of PowerShell
[0.267s] DEBUG:colcon.colcon_core.shell:Skip shell extension 'dsv' for command environment
[0.269s] INFO:colcon.colcon_ros.task.ament_python.build:Building ROS package in '/home/sunny/cleaner_ws/phyAI_ws/src/gptapi' with build type 'ament_python'
[0.269s] Level 1:colcon.colcon_core.shell:create_environment_hook('gptapi', 'ament_prefix_path')
[0.269s] INFO:colcon.colcon_core.shell:Creating environment hook '/home/sunny/cleaner_ws/phyAI_ws/install/gptapi/share/gptapi/hook/ament_prefix_path.ps1'
[0.270s] INFO:colcon.colcon_core.shell:Creating environment descriptor '/home/sunny/cleaner_ws/phyAI_ws/install/gptapi/share/gptapi/hook/ament_prefix_path.dsv'
[0.270s] INFO:colcon.colcon_core.shell:Creating environment hook '/home/sunny/cleaner_ws/phyAI_ws/install/gptapi/share/gptapi/hook/ament_prefix_path.sh'
[0.270s] INFO:colcon.colcon_core.shell:Skip shell extension 'powershell' for command environment: Not usable outside of PowerShell
[0.270s] DEBUG:colcon.colcon_core.shell:Skip shell extension 'dsv' for command environment
[0.272s] INFO:colcon.colcon_ros.task.ament_cmake.build:Building ROS package in '/home/sunny/cleaner_ws/phyAI_ws/src/usb_cam' with build type 'ament_cmake'
[0.272s] INFO:colcon.colcon_cmake.task.cmake.build:Building CMake package in '/home/sunny/cleaner_ws/phyAI_ws/src/usb_cam'
[0.272s] INFO:colcon.colcon_core.shell:Skip shell extension 'powershell' for command environment: Not usable outside of PowerShell
[0.272s] DEBUG:colcon.colcon_core.shell:Skip shell extension 'dsv' for command environment
[0.278s] DEBUG:colcon.colcon_core.event_handler.log_command:Invoking command in '/home/sunny/cleaner_ws/phyAI_ws/build/yolov8_msgs': CMAKE_PREFIX_PATH=/opt/ros/humble /usr/bin/cmake --build /home/sunny/cleaner_ws/phyAI_ws/build/yolov8_msgs -- -j16 -l16
[0.463s] INFO:colcon.colcon_core.task.python.build:Building Python package in '/home/sunny/cleaner_ws/phyAI_ws/src/yolov8_ros/yolov8_ros'
[0.463s] INFO:colcon.colcon_core.shell:Skip shell extension 'powershell' for command environment: Not usable outside of PowerShell
[0.463s] DEBUG:colcon.colcon_core.shell:Skip shell extension 'dsv' for command environment
[0.469s] DEBUG:colcon.colcon_core.event_handler.log_command:Invoking command in '/home/sunny/cleaner_ws/phyAI_ws/build/cleaner_msgs': CMAKE_PREFIX_PATH=/opt/ros/humble /usr/bin/cmake /home/sunny/cleaner_ws/phyAI_ws/src/cleaner_msgs -DCMAKE_INSTALL_PREFIX=/home/sunny/cleaner_ws/phyAI_ws/install/cleaner_msgs
[0.665s] INFO:colcon.colcon_core.task.python.build:Building Python package in '/home/sunny/cleaner_ws/phyAI_ws/src/cleaner_system1'
[0.666s] INFO:colcon.colcon_core.shell:Skip shell extension 'powershell' for command environment: Not usable outside of PowerShell
[0.666s] DEBUG:colcon.colcon_core.shell:Skip shell extension 'dsv' for command environment
[0.867s] INFO:colcon.colcon_core.task.python.build:Building Python package in '/home/sunny/cleaner_ws/phyAI_ws/src/cleaner_system2'
[0.868s] INFO:colcon.colcon_core.shell:Skip shell extension 'powershell' for command environment: Not usable outside of PowerShell
[0.868s] DEBUG:colcon.colcon_core.shell:Skip shell extension 'dsv' for command environment
[1.094s] INFO:colcon.colcon_core.task.python.build:Building Python package in '/home/sunny/cleaner_ws/phyAI_ws/src/gptapi'
[1.095s] INFO:colcon.colcon_core.shell:Skip shell extension 'powershell' for command environment: Not usable outside of PowerShell
[1.095s] DEBUG:colcon.colcon_core.shell:Skip shell extension 'dsv' for command environment
[1.114s] DEBUG:colcon.colcon_core.event_handler.log_command:Invoking command in '/home/sunny/cleaner_ws/phyAI_ws/build/usb_cam': CMAKE_PREFIX_PATH=/opt/ros/humble /usr/bin/cmake --build /home/sunny/cleaner_ws/phyAI_ws/build/usb_cam -- -j16 -l16
[1.564s] DEBUG:colcon.colcon_core.event_handler.log_command:Invoking command in '/home/sunny/cleaner_ws/phyAI_ws/src/yolov8_ros/yolov8_ros': PYTHONPATH=/home/sunny/cleaner_ws/phyAI_ws/build/yolov8_ros/prefix_override:/usr/lib/python3/dist-packages/colcon_core/task/python/colcon_distutils_commands:/home/sunny/cleaner_ws/phyAI_ws/install/yolov8_ros/lib/python3.10/site-packages:${PYTHONPATH} /usr/bin/python3 -W ignore:setup.py install is deprecated -W ignore:easy_install command is deprecated setup.py egg_info --egg-base ../../../build/yolov8_ros build --build-base /home/sunny/cleaner_ws/phyAI_ws/build/yolov8_ros/build install --record /home/sunny/cleaner_ws/phyAI_ws/build/yolov8_ros/install.log --single-version-externally-managed install_data
[1.586s] DEBUG:colcon.colcon_core.event_handler.log_command:Invoking command in '/home/sunny/cleaner_ws/phyAI_ws/src/cleaner_system1': PYTHONPATH=/home/sunny/cleaner_ws/phyAI_ws/build/cleaner_system1/prefix_override:/usr/lib/python3/dist-packages/colcon_core/task/python/colcon_distutils_commands:/home/sunny/cleaner_ws/phyAI_ws/install/cleaner_system1/lib/python3.10/site-packages:${PYTHONPATH} /usr/bin/python3 -W ignore:setup.py install is deprecated -W ignore:easy_install command is deprecated setup.py egg_info --egg-base ../../build/cleaner_system1 build --build-base /home/sunny/cleaner_ws/phyAI_ws/build/cleaner_system1/build install --record /home/sunny/cleaner_ws/phyAI_ws/build/cleaner_system1/install.log --single-version-externally-managed install_data
[1.595s] DEBUG:colcon.colcon_core.event_handler.log_command:Invoking command in '/home/sunny/cleaner_ws/phyAI_ws/src/gptapi': PYTHONPATH=/home/sunny/cleaner_ws/phyAI_ws/build/gptapi/prefix_override:/usr/lib/python3/dist-packages/colcon_core/task/python/colcon_distutils_commands:/home/sunny/cleaner_ws/phyAI_ws/install/gptapi/lib/python3.10/site-packages:${PYTHONPATH} /usr/bin/python3 -W ignore:setup.py install is deprecated -W ignore:easy_install command is deprecated setup.py egg_info --egg-base ../../build/gptapi build --build-base /home/sunny/cleaner_ws/phyAI_ws/build/gptapi/build install --record /home/sunny/cleaner_ws/phyAI_ws/build/gptapi/install.log --single-version-externally-managed install_data
[1.599s] DEBUG:colcon.colcon_core.event_handler.log_command:Invoking command in '/home/sunny/cleaner_ws/phyAI_ws/src/cleaner_system2': PYTHONPATH=/home/sunny/cleaner_ws/phyAI_ws/build/cleaner_system2/prefix_override:/usr/lib/python3/dist-packages/colcon_core/task/python/colcon_distutils_commands:/home/sunny/cleaner_ws/phyAI_ws/install/cleaner_system2/lib/python3.10/site-packages:${PYTHONPATH} /usr/bin/python3 -W ignore:setup.py install is deprecated -W ignore:easy_install command is deprecated setup.py egg_info --egg-base ../../build/cleaner_system2 build --build-base /home/sunny/cleaner_ws/phyAI_ws/build/cleaner_system2/build install --record /home/sunny/cleaner_ws/phyAI_ws/build/cleaner_system2/install.log --single-version-externally-managed install_data
[1.741s] DEBUG:colcon.colcon_core.event_handler.log_command:Invoked command in '/home/sunny/cleaner_ws/phyAI_ws/build/cleaner_msgs' returned '0': CMAKE_PREFIX_PATH=/opt/ros/humble /usr/bin/cmake /home/sunny/cleaner_ws/phyAI_ws/src/cleaner_msgs -DCMAKE_INSTALL_PREFIX=/home/sunny/cleaner_ws/phyAI_ws/install/cleaner_msgs
[1.746s] DEBUG:colcon.colcon_core.event_handler.log_command:Invoking command in '/home/sunny/cleaner_ws/phyAI_ws/build/cleaner_msgs': CMAKE_PREFIX_PATH=/opt/ros/humble /usr/bin/cmake --build /home/sunny/cleaner_ws/phyAI_ws/build/cleaner_msgs -- -j16 -l16
[2.045s] DEBUG:colcon.colcon_core.event_handler.log_command:Invoked command in '/home/sunny/cleaner_ws/phyAI_ws/src/gptapi' returned '0': PYTHONPATH=/home/sunny/cleaner_ws/phyAI_ws/build/gptapi/prefix_override:/usr/lib/python3/dist-packages/colcon_core/task/python/colcon_distutils_commands:/home/sunny/cleaner_ws/phyAI_ws/install/gptapi/lib/python3.10/site-packages:${PYTHONPATH} /usr/bin/python3 -W ignore:setup.py install is deprecated -W ignore:easy_install command is deprecated setup.py egg_info --egg-base ../../build/gptapi build --build-base /home/sunny/cleaner_ws/phyAI_ws/build/gptapi/build install --record /home/sunny/cleaner_ws/phyAI_ws/build/gptapi/install.log --single-version-externally-managed install_data
[2.047s] Level 1:colcon.colcon_core.environment:checking '/home/sunny/cleaner_ws/phyAI_ws/install/gptapi' for CMake module files
[2.047s] Level 1:colcon.colcon_core.environment:checking '/home/sunny/cleaner_ws/phyAI_ws/install/gptapi' for CMake config files
[2.048s] Level 1:colcon.colcon_core.environment:checking '/home/sunny/cleaner_ws/phyAI_ws/install/gptapi/lib'
[2.048s] Level 1:colcon.colcon_core.environment:checking '/home/sunny/cleaner_ws/phyAI_ws/install/gptapi/bin'
[2.048s] Level 1:colcon.colcon_core.environment:checking '/home/sunny/cleaner_ws/phyAI_ws/install/gptapi/lib/pkgconfig/gptapi.pc'
[2.052s] Level 1:colcon.colcon_core.environment:checking '/home/sunny/cleaner_ws/phyAI_ws/install/gptapi/lib/python3.10/site-packages'
[2.052s] Level 1:colcon.colcon_core.shell:create_environment_hook('gptapi', 'pythonpath')
[2.052s] INFO:colcon.colcon_core.shell:Creating environment hook '/home/sunny/cleaner_ws/phyAI_ws/install/gptapi/share/gptapi/hook/pythonpath.ps1'
[2.057s] INFO:colcon.colcon_core.shell:Creating environment descriptor '/home/sunny/cleaner_ws/phyAI_ws/install/gptapi/share/gptapi/hook/pythonpath.dsv'
[2.057s] INFO:colcon.colcon_core.shell:Creating environment hook '/home/sunny/cleaner_ws/phyAI_ws/install/gptapi/share/gptapi/hook/pythonpath.sh'
[2.058s] Level 1:colcon.colcon_core.environment:checking '/home/sunny/cleaner_ws/phyAI_ws/install/gptapi/bin'
[2.058s] Level 1:colcon.colcon_core.environment:create_environment_scripts_only(gptapi)
[2.059s] INFO:colcon.colcon_core.shell:Creating package script '/home/sunny/cleaner_ws/phyAI_ws/install/gptapi/share/gptapi/package.ps1'
[2.060s] INFO:colcon.colcon_core.shell:Creating package descriptor '/home/sunny/cleaner_ws/phyAI_ws/install/gptapi/share/gptapi/package.dsv'
[2.060s] INFO:colcon.colcon_core.shell:Creating package script '/home/sunny/cleaner_ws/phyAI_ws/install/gptapi/share/gptapi/package.sh'
[2.061s] INFO:colcon.colcon_core.shell:Creating package script '/home/sunny/cleaner_ws/phyAI_ws/install/gptapi/share/gptapi/package.bash'
[2.066s] INFO:colcon.colcon_core.shell:Creating package script '/home/sunny/cleaner_ws/phyAI_ws/install/gptapi/share/gptapi/package.zsh'
[2.067s] Level 1:colcon.colcon_core.environment:create_file_with_runtime_dependencies(/home/sunny/cleaner_ws/phyAI_ws/install/gptapi/share/colcon-core/packages/gptapi)
[2.071s] Level 1:colcon.colcon_core.environment:checking '/home/sunny/cleaner_ws/phyAI_ws/install/yolov8_ros' for CMake module files
[2.072s] Level 1:colcon.colcon_core.environment:checking '/home/sunny/cleaner_ws/phyAI_ws/install/yolov8_ros' for CMake config files
[2.073s] DEBUG:colcon.colcon_core.event_handler.log_command:Invoked command in '/home/sunny/cleaner_ws/phyAI_ws/src/yolov8_ros/yolov8_ros' returned '0': PYTHONPATH=/home/sunny/cleaner_ws/phyAI_ws/build/yolov8_ros/prefix_override:/usr/lib/python3/dist-packages/colcon_core/task/python/colcon_distutils_commands:/home/sunny/cleaner_ws/phyAI_ws/install/yolov8_ros/lib/python3.10/site-packages:${PYTHONPATH} /usr/bin/python3 -W ignore:setup.py install is deprecated -W ignore:easy_install command is deprecated setup.py egg_info --egg-base ../../../build/yolov8_ros build --build-base /home/sunny/cleaner_ws/phyAI_ws/build/yolov8_ros/build install --record /home/sunny/cleaner_ws/phyAI_ws/build/yolov8_ros/install.log --single-version-externally-managed install_data
[2.073s] Level 1:colcon.colcon_core.environment:checking '/home/sunny/cleaner_ws/phyAI_ws/install/yolov8_ros/lib'
[2.073s] Level 1:colcon.colcon_core.environment:checking '/home/sunny/cleaner_ws/phyAI_ws/install/yolov8_ros/bin'
[2.073s] Level 1:colcon.colcon_core.environment:checking '/home/sunny/cleaner_ws/phyAI_ws/install/yolov8_ros/lib/pkgconfig/yolov8_ros.pc'
[2.073s] Level 1:colcon.colcon_core.environment:checking '/home/sunny/cleaner_ws/phyAI_ws/install/yolov8_ros/lib/python3.10/site-packages'
[2.074s] Level 1:colcon.colcon_core.shell:create_environment_hook('yolov8_ros', 'pythonpath')
[2.074s] INFO:colcon.colcon_core.shell:Creating environment hook '/home/sunny/cleaner_ws/phyAI_ws/install/yolov8_ros/share/yolov8_ros/hook/pythonpath.ps1'
[2.082s] INFO:colcon.colcon_core.shell:Creating environment descriptor '/home/sunny/cleaner_ws/phyAI_ws/install/yolov8_ros/share/yolov8_ros/hook/pythonpath.dsv'
[2.083s] INFO:colcon.colcon_core.shell:Creating environment hook '/home/sunny/cleaner_ws/phyAI_ws/install/yolov8_ros/share/yolov8_ros/hook/pythonpath.sh'
[2.084s] Level 1:colcon.colcon_core.environment:checking '/home/sunny/cleaner_ws/phyAI_ws/install/yolov8_ros/bin'
[2.084s] Level 1:colcon.colcon_core.environment:create_environment_scripts_only(yolov8_ros)
[2.085s] INFO:colcon.colcon_core.shell:Creating package script '/home/sunny/cleaner_ws/phyAI_ws/install/yolov8_ros/share/yolov8_ros/package.ps1'
[2.088s] INFO:colcon.colcon_core.shell:Creating package descriptor '/home/sunny/cleaner_ws/phyAI_ws/install/yolov8_ros/share/yolov8_ros/package.dsv'
[2.089s] INFO:colcon.colcon_core.shell:Creating package script '/home/sunny/cleaner_ws/phyAI_ws/install/yolov8_ros/share/yolov8_ros/package.sh'
[2.089s] INFO:colcon.colcon_core.shell:Creating package script '/home/sunny/cleaner_ws/phyAI_ws/install/yolov8_ros/share/yolov8_ros/package.bash'
[2.090s] INFO:colcon.colcon_core.shell:Creating package script '/home/sunny/cleaner_ws/phyAI_ws/install/yolov8_ros/share/yolov8_ros/package.zsh'
[2.090s] Level 1:colcon.colcon_core.environment:create_file_with_runtime_dependencies(/home/sunny/cleaner_ws/phyAI_ws/install/yolov8_ros/share/colcon-core/packages/yolov8_ros)
[2.094s] INFO:colcon.colcon_ros.task.ament_cmake.build:Building ROS package in '/home/sunny/cleaner_ws/phyAI_ws/src/yolov8_ros/yolov8_bringup' with build type 'ament_cmake'
[2.094s] INFO:colcon.colcon_cmake.task.cmake.build:Building CMake package in '/home/sunny/cleaner_ws/phyAI_ws/src/yolov8_ros/yolov8_bringup'
[2.094s] INFO:colcon.colcon_core.shell:Skip shell extension 'powershell' for command environment: Not usable outside of PowerShell
[2.095s] DEBUG:colcon.colcon_core.shell:Skip shell extension 'dsv' for command environment
[2.103s] Level 1:colcon.colcon_core.environment:checking '/home/sunny/cleaner_ws/phyAI_ws/install/cleaner_system2' for CMake module files
[2.104s] Level 1:colcon.colcon_core.environment:checking '/home/sunny/cleaner_ws/phyAI_ws/install/cleaner_system2' for CMake config files
[2.105s] Level 1:colcon.colcon_core.environment:checking '/home/sunny/cleaner_ws/phyAI_ws/install/cleaner_system2/lib'
[2.105s] Level 1:colcon.colcon_core.environment:checking '/home/sunny/cleaner_ws/phyAI_ws/install/cleaner_system2/bin'
[2.105s] Level 1:colcon.colcon_core.environment:checking '/home/sunny/cleaner_ws/phyAI_ws/install/cleaner_system2/lib/pkgconfig/cleaner_system2.pc'
[2.105s] Level 1:colcon.colcon_core.environment:checking '/home/sunny/cleaner_ws/phyAI_ws/install/cleaner_system2/lib/python3.10/site-packages'
[2.106s] DEBUG:colcon.colcon_core.event_handler.log_command:Invoked command in '/home/sunny/cleaner_ws/phyAI_ws/src/cleaner_system2' returned '0': PYTHONPATH=/home/sunny/cleaner_ws/phyAI_ws/build/cleaner_system2/prefix_override:/usr/lib/python3/dist-packages/colcon_core/task/python/colcon_distutils_commands:/home/sunny/cleaner_ws/phyAI_ws/install/cleaner_system2/lib/python3.10/site-packages:${PYTHONPATH} /usr/bin/python3 -W ignore:setup.py install is deprecated -W ignore:easy_install command is deprecated setup.py egg_info --egg-base ../../build/cleaner_system2 build --build-base /home/sunny/cleaner_ws/phyAI_ws/build/cleaner_system2/build install --record /home/sunny/cleaner_ws/phyAI_ws/build/cleaner_system2/install.log --single-version-externally-managed install_data
[2.106s] Level 1:colcon.colcon_core.shell:create_environment_hook('cleaner_system2', 'pythonpath')
[2.106s] INFO:colcon.colcon_core.shell:Creating environment hook '/home/sunny/cleaner_ws/phyAI_ws/install/cleaner_system2/share/cleaner_system2/hook/pythonpath.ps1'
[2.107s] INFO:colcon.colcon_core.shell:Creating environment descriptor '/home/sunny/cleaner_ws/phyAI_ws/install/cleaner_system2/share/cleaner_system2/hook/pythonpath.dsv'
[2.107s] INFO:colcon.colcon_core.shell:Creating environment hook '/home/sunny/cleaner_ws/phyAI_ws/install/cleaner_system2/share/cleaner_system2/hook/pythonpath.sh'
[2.108s] Level 1:colcon.colcon_core.environment:checking '/home/sunny/cleaner_ws/phyAI_ws/install/cleaner_system2/bin'
[2.108s] Level 1:colcon.colcon_core.environment:create_environment_scripts_only(cleaner_system2)
[2.109s] INFO:colcon.colcon_core.shell:Creating package script '/home/sunny/cleaner_ws/phyAI_ws/install/cleaner_system2/share/cleaner_system2/package.ps1'
[2.110s] INFO:colcon.colcon_core.shell:Creating package descriptor '/home/sunny/cleaner_ws/phyAI_ws/install/cleaner_system2/share/cleaner_system2/package.dsv'
[2.110s] INFO:colcon.colcon_core.shell:Creating package script '/home/sunny/cleaner_ws/phyAI_ws/install/cleaner_system2/share/cleaner_system2/package.sh'
[2.111s] INFO:colcon.colcon_core.shell:Creating package script '/home/sunny/cleaner_ws/phyAI_ws/install/cleaner_system2/share/cleaner_system2/package.bash'
[2.111s] INFO:colcon.colcon_core.shell:Creating package script '/home/sunny/cleaner_ws/phyAI_ws/install/cleaner_system2/share/cleaner_system2/package.zsh'
[2.112s] Level 1:colcon.colcon_core.environment:create_file_with_runtime_dependencies(/home/sunny/cleaner_ws/phyAI_ws/install/cleaner_system2/share/colcon-core/packages/cleaner_system2)
[2.115s] DEBUG:colcon.colcon_core.event_handler.log_command:Invoking command in '/home/sunny/cleaner_ws/phyAI_ws/build/yolov8_bringup': AMENT_PREFIX_PATH=/home/sunny/cleaner_ws/phyAI_ws/install/yolov8_ros:${AMENT_PREFIX_PATH} CMAKE_PREFIX_PATH=/opt/ros/humble PYTHONPATH=/home/sunny/cleaner_ws/phyAI_ws/install/yolov8_ros/lib/python3.10/site-packages:${PYTHONPATH} /usr/bin/cmake /home/sunny/cleaner_ws/phyAI_ws/src/yolov8_ros/yolov8_bringup -DCMAKE_INSTALL_PREFIX=/home/sunny/cleaner_ws/phyAI_ws/install/yolov8_bringup
[2.122s] Level 1:colcon.colcon_core.environment:checking '/home/sunny/cleaner_ws/phyAI_ws/install/cleaner_system1' for CMake module files
[2.123s] Level 1:colcon.colcon_core.environment:checking '/home/sunny/cleaner_ws/phyAI_ws/install/cleaner_system1' for CMake config files
[2.123s] Level 1:colcon.colcon_core.environment:checking '/home/sunny/cleaner_ws/phyAI_ws/install/cleaner_system1/lib'
[2.123s] Level 1:colcon.colcon_core.environment:checking '/home/sunny/cleaner_ws/phyAI_ws/install/cleaner_system1/bin'
[2.124s] Level 1:colcon.colcon_core.environment:checking '/home/sunny/cleaner_ws/phyAI_ws/install/cleaner_system1/lib/pkgconfig/cleaner_system1.pc'
[2.124s] Level 1:colcon.colcon_core.environment:checking '/home/sunny/cleaner_ws/phyAI_ws/install/cleaner_system1/lib/python3.10/site-packages'
[2.124s] Level 1:colcon.colcon_core.shell:create_environment_hook('cleaner_system1', 'pythonpath')
[2.124s] INFO:colcon.colcon_core.shell:Creating environment hook '/home/sunny/cleaner_ws/phyAI_ws/install/cleaner_system1/share/cleaner_system1/hook/pythonpath.ps1'
[2.124s] INFO:colcon.colcon_core.shell:Creating environment descriptor '/home/sunny/cleaner_ws/phyAI_ws/install/cleaner_system1/share/cleaner_system1/hook/pythonpath.dsv'
[2.125s] DEBUG:colcon.colcon_core.event_handler.log_command:Invoked command in '/home/sunny/cleaner_ws/phyAI_ws/src/cleaner_system1' returned '0': PYTHONPATH=/home/sunny/cleaner_ws/phyAI_ws/build/cleaner_system1/prefix_override:/usr/lib/python3/dist-packages/colcon_core/task/python/colcon_distutils_commands:/home/sunny/cleaner_ws/phyAI_ws/install/cleaner_system1/lib/python3.10/site-packages:${PYTHONPATH} /usr/bin/python3 -W ignore:setup.py install is deprecated -W ignore:easy_install command is deprecated setup.py egg_info --egg-base ../../build/cleaner_system1 build --build-base /home/sunny/cleaner_ws/phyAI_ws/build/cleaner_system1/build install --record /home/sunny/cleaner_ws/phyAI_ws/build/cleaner_system1/install.log --single-version-externally-managed install_data
[2.125s] INFO:colcon.colcon_core.shell:Creating environment hook '/home/sunny/cleaner_ws/phyAI_ws/install/cleaner_system1/share/cleaner_system1/hook/pythonpath.sh'
[2.126s] Level 1:colcon.colcon_core.environment:checking '/home/sunny/cleaner_ws/phyAI_ws/install/cleaner_system1/bin'
[2.126s] Level 1:colcon.colcon_core.environment:create_environment_scripts_only(cleaner_system1)
[2.127s] INFO:colcon.colcon_core.shell:Creating package script '/home/sunny/cleaner_ws/phyAI_ws/install/cleaner_system1/share/cleaner_system1/package.ps1'
[2.127s] INFO:colcon.colcon_core.shell:Creating package descriptor '/home/sunny/cleaner_ws/phyAI_ws/install/cleaner_system1/share/cleaner_system1/package.dsv'
[2.128s] INFO:colcon.colcon_core.shell:Creating package script '/home/sunny/cleaner_ws/phyAI_ws/install/cleaner_system1/share/cleaner_system1/package.sh'
[2.128s] INFO:colcon.colcon_core.shell:Creating package script '/home/sunny/cleaner_ws/phyAI_ws/install/cleaner_system1/share/cleaner_system1/package.bash'
[2.128s] INFO:colcon.colcon_core.shell:Creating package script '/home/sunny/cleaner_ws/phyAI_ws/install/cleaner_system1/share/cleaner_system1/package.zsh'
[2.129s] Level 1:colcon.colcon_core.environment:create_file_with_runtime_dependencies(/home/sunny/cleaner_ws/phyAI_ws/install/cleaner_system1/share/colcon-core/packages/cleaner_system1)
[3.658s] DEBUG:colcon.colcon_core.event_handler.log_command:Invoked command in '/home/sunny/cleaner_ws/phyAI_ws/build/yolov8_bringup' returned '0': AMENT_PREFIX_PATH=/home/sunny/cleaner_ws/phyAI_ws/install/yolov8_ros:${AMENT_PREFIX_PATH} CMAKE_PREFIX_PATH=/opt/ros/humble PYTHONPATH=/home/sunny/cleaner_ws/phyAI_ws/install/yolov8_ros/lib/python3.10/site-packages:${PYTHONPATH} /usr/bin/cmake /home/sunny/cleaner_ws/phyAI_ws/src/yolov8_ros/yolov8_bringup -DCMAKE_INSTALL_PREFIX=/home/sunny/cleaner_ws/phyAI_ws/install/yolov8_bringup
[3.666s] DEBUG:colcon.colcon_core.event_handler.log_command:Invoking command in '/home/sunny/cleaner_ws/phyAI_ws/build/yolov8_bringup': AMENT_PREFIX_PATH=/home/sunny/cleaner_ws/phyAI_ws/install/yolov8_ros:${AMENT_PREFIX_PATH} CMAKE_PREFIX_PATH=/opt/ros/humble PYTHONPATH=/home/sunny/cleaner_ws/phyAI_ws/install/yolov8_ros/lib/python3.10/site-packages:${PYTHONPATH} /usr/bin/cmake --build /home/sunny/cleaner_ws/phyAI_ws/build/yolov8_bringup -- -j16 -l16
[3.798s] DEBUG:colcon.colcon_core.event_handler.log_command:Invoked command in '/home/sunny/cleaner_ws/phyAI_ws/build/yolov8_bringup' returned '0': AMENT_PREFIX_PATH=/home/sunny/cleaner_ws/phyAI_ws/install/yolov8_ros:${AMENT_PREFIX_PATH} CMAKE_PREFIX_PATH=/opt/ros/humble PYTHONPATH=/home/sunny/cleaner_ws/phyAI_ws/install/yolov8_ros/lib/python3.10/site-packages:${PYTHONPATH} /usr/bin/cmake --build /home/sunny/cleaner_ws/phyAI_ws/build/yolov8_bringup -- -j16 -l16
[3.821s] DEBUG:colcon.colcon_core.event_handler.log_command:Invoking command in '/home/sunny/cleaner_ws/phyAI_ws/build/yolov8_bringup': AMENT_PREFIX_PATH=/home/sunny/cleaner_ws/phyAI_ws/install/yolov8_ros:${AMENT_PREFIX_PATH} CMAKE_PREFIX_PATH=/opt/ros/humble PYTHONPATH=/home/sunny/cleaner_ws/phyAI_ws/install/yolov8_ros/lib/python3.10/site-packages:${PYTHONPATH} /usr/bin/cmake --install /home/sunny/cleaner_ws/phyAI_ws/build/yolov8_bringup
[3.868s] Level 1:colcon.colcon_core.environment:create_environment_scripts_only(yolov8_bringup)
[3.869s] Level 1:colcon.colcon_core.environment:checking '/home/sunny/cleaner_ws/phyAI_ws/install/yolov8_bringup' for CMake module files
[3.870s] Level 1:colcon.colcon_core.environment:checking '/home/sunny/cleaner_ws/phyAI_ws/install/yolov8_bringup' for CMake config files
[3.870s] Level 1:colcon.colcon_core.shell:create_environment_hook('yolov8_bringup', 'cmake_prefix_path')
[3.870s] INFO:colcon.colcon_core.shell:Creating environment hook '/home/sunny/cleaner_ws/phyAI_ws/install/yolov8_bringup/share/yolov8_bringup/hook/cmake_prefix_path.ps1'
[3.869s] DEBUG:colcon.colcon_core.event_handler.log_command:Invoked command in '/home/sunny/cleaner_ws/phyAI_ws/build/yolov8_bringup' returned '0': AMENT_PREFIX_PATH=/home/sunny/cleaner_ws/phyAI_ws/install/yolov8_ros:${AMENT_PREFIX_PATH} CMAKE_PREFIX_PATH=/opt/ros/humble PYTHONPATH=/home/sunny/cleaner_ws/phyAI_ws/install/yolov8_ros/lib/python3.10/site-packages:${PYTHONPATH} /usr/bin/cmake --install /home/sunny/cleaner_ws/phyAI_ws/build/yolov8_bringup
[3.877s] INFO:colcon.colcon_core.shell:Creating environment descriptor '/home/sunny/cleaner_ws/phyAI_ws/install/yolov8_bringup/share/yolov8_bringup/hook/cmake_prefix_path.dsv'
[3.881s] INFO:colcon.colcon_core.shell:Creating environment hook '/home/sunny/cleaner_ws/phyAI_ws/install/yolov8_bringup/share/yolov8_bringup/hook/cmake_prefix_path.sh'
[3.882s] Level 1:colcon.colcon_core.environment:checking '/home/sunny/cleaner_ws/phyAI_ws/install/yolov8_bringup/bin'
[3.882s] Level 1:colcon.colcon_core.environment:checking '/home/sunny/cleaner_ws/phyAI_ws/install/yolov8_bringup/lib/pkgconfig/yolov8_bringup.pc'
[3.882s] Level 1:colcon.colcon_core.environment:checking '/home/sunny/cleaner_ws/phyAI_ws/install/yolov8_bringup/lib/python3.10/site-packages'
[3.882s] Level 1:colcon.colcon_core.environment:checking '/home/sunny/cleaner_ws/phyAI_ws/install/yolov8_bringup/bin'
[3.883s] INFO:colcon.colcon_core.shell:Creating package script '/home/sunny/cleaner_ws/phyAI_ws/install/yolov8_bringup/share/yolov8_bringup/package.ps1'
[3.883s] INFO:colcon.colcon_core.shell:Creating package descriptor '/home/sunny/cleaner_ws/phyAI_ws/install/yolov8_bringup/share/yolov8_bringup/package.dsv'
[3.896s] INFO:colcon.colcon_core.shell:Creating package script '/home/sunny/cleaner_ws/phyAI_ws/install/yolov8_bringup/share/yolov8_bringup/package.sh'
[3.896s] INFO:colcon.colcon_core.shell:Creating package script '/home/sunny/cleaner_ws/phyAI_ws/install/yolov8_bringup/share/yolov8_bringup/package.bash'
[3.897s] INFO:colcon.colcon_core.shell:Creating package script '/home/sunny/cleaner_ws/phyAI_ws/install/yolov8_bringup/share/yolov8_bringup/package.zsh'
[3.897s] Level 1:colcon.colcon_core.environment:create_file_with_runtime_dependencies(/home/sunny/cleaner_ws/phyAI_ws/install/yolov8_bringup/share/colcon-core/packages/yolov8_bringup)
[3.898s] Level 1:colcon.colcon_core.environment:create_environment_scripts_only(yolov8_bringup)
[3.903s] Level 1:colcon.colcon_core.environment:checking '/home/sunny/cleaner_ws/phyAI_ws/install/yolov8_bringup' for CMake module files
[3.903s] Level 1:colcon.colcon_core.environment:checking '/home/sunny/cleaner_ws/phyAI_ws/install/yolov8_bringup' for CMake config files
[3.904s] Level 1:colcon.colcon_core.shell:create_environment_hook('yolov8_bringup', 'cmake_prefix_path')
[3.904s] INFO:colcon.colcon_core.shell:Creating environment hook '/home/sunny/cleaner_ws/phyAI_ws/install/yolov8_bringup/share/yolov8_bringup/hook/cmake_prefix_path.ps1'
[3.911s] INFO:colcon.colcon_core.shell:Creating environment descriptor '/home/sunny/cleaner_ws/phyAI_ws/install/yolov8_bringup/share/yolov8_bringup/hook/cmake_prefix_path.dsv'
[3.912s] INFO:colcon.colcon_core.shell:Creating environment hook '/home/sunny/cleaner_ws/phyAI_ws/install/yolov8_bringup/share/yolov8_bringup/hook/cmake_prefix_path.sh'
[3.913s] Level 1:colcon.colcon_core.environment:checking '/home/sunny/cleaner_ws/phyAI_ws/install/yolov8_bringup/bin'
[3.916s] Level 1:colcon.colcon_core.environment:checking '/home/sunny/cleaner_ws/phyAI_ws/install/yolov8_bringup/lib/pkgconfig/yolov8_bringup.pc'
[3.916s] Level 1:colcon.colcon_core.environment:checking '/home/sunny/cleaner_ws/phyAI_ws/install/yolov8_bringup/lib/python3.10/site-packages'
[3.920s] Level 1:colcon.colcon_core.environment:checking '/home/sunny/cleaner_ws/phyAI_ws/install/yolov8_bringup/bin'
[3.921s] INFO:colcon.colcon_core.shell:Creating package script '/home/sunny/cleaner_ws/phyAI_ws/install/yolov8_bringup/share/yolov8_bringup/package.ps1'
[3.922s] INFO:colcon.colcon_core.shell:Creating package descriptor '/home/sunny/cleaner_ws/phyAI_ws/install/yolov8_bringup/share/yolov8_bringup/package.dsv'
[3.926s] INFO:colcon.colcon_core.shell:Creating package script '/home/sunny/cleaner_ws/phyAI_ws/install/yolov8_bringup/share/yolov8_bringup/package.sh'
[3.930s] INFO:colcon.colcon_core.shell:Creating package script '/home/sunny/cleaner_ws/phyAI_ws/install/yolov8_bringup/share/yolov8_bringup/package.bash'
[3.931s] INFO:colcon.colcon_core.shell:Creating package script '/home/sunny/cleaner_ws/phyAI_ws/install/yolov8_bringup/share/yolov8_bringup/package.zsh'
[3.932s] Level 1:colcon.colcon_core.environment:create_file_with_runtime_dependencies(/home/sunny/cleaner_ws/phyAI_ws/install/yolov8_bringup/share/colcon-core/packages/yolov8_bringup)
[5.654s] DEBUG:colcon.colcon_core.event_handler.log_command:Invoked command in '/home/sunny/cleaner_ws/phyAI_ws/build/cleaner_msgs' returned '0': CMAKE_PREFIX_PATH=/opt/ros/humble /usr/bin/cmake --build /home/sunny/cleaner_ws/phyAI_ws/build/cleaner_msgs -- -j16 -l16
[5.655s] DEBUG:colcon.colcon_core.event_handler.log_command:Invoking command in '/home/sunny/cleaner_ws/phyAI_ws/build/cleaner_msgs': CMAKE_PREFIX_PATH=/opt/ros/humble /usr/bin/cmake --install /home/sunny/cleaner_ws/phyAI_ws/build/cleaner_msgs
[5.719s] Level 1:colcon.colcon_core.environment:create_environment_scripts_only(cleaner_msgs)
[5.719s] Level 1:colcon.colcon_core.environment:checking '/home/sunny/cleaner_ws/phyAI_ws/install/cleaner_msgs' for CMake module files
[5.720s] DEBUG:colcon.colcon_core.event_handler.log_command:Invoked command in '/home/sunny/cleaner_ws/phyAI_ws/build/cleaner_msgs' returned '0': CMAKE_PREFIX_PATH=/opt/ros/humble /usr/bin/cmake --install /home/sunny/cleaner_ws/phyAI_ws/build/cleaner_msgs
[5.720s] Level 1:colcon.colcon_core.environment:checking '/home/sunny/cleaner_ws/phyAI_ws/install/cleaner_msgs' for CMake config files
[5.721s] Level 1:colcon.colcon_core.shell:create_environment_hook('cleaner_msgs', 'cmake_prefix_path')
[5.721s] INFO:colcon.colcon_core.shell:Creating environment hook '/home/sunny/cleaner_ws/phyAI_ws/install/cleaner_msgs/share/cleaner_msgs/hook/cmake_prefix_path.ps1'
[5.721s] INFO:colcon.colcon_core.shell:Creating environment descriptor '/home/sunny/cleaner_ws/phyAI_ws/install/cleaner_msgs/share/cleaner_msgs/hook/cmake_prefix_path.dsv'
[5.721s] INFO:colcon.colcon_core.shell:Creating environment hook '/home/sunny/cleaner_ws/phyAI_ws/install/cleaner_msgs/share/cleaner_msgs/hook/cmake_prefix_path.sh'
[5.722s] Level 1:colcon.colcon_core.environment:checking '/home/sunny/cleaner_ws/phyAI_ws/install/cleaner_msgs/lib'
[5.722s] Level 1:colcon.colcon_core.shell:create_environment_hook('cleaner_msgs', 'ld_library_path_lib')
[5.722s] INFO:colcon.colcon_core.shell:Creating environment hook '/home/sunny/cleaner_ws/phyAI_ws/install/cleaner_msgs/share/cleaner_msgs/hook/ld_library_path_lib.ps1'
[5.722s] INFO:colcon.colcon_core.shell:Creating environment descriptor '/home/sunny/cleaner_ws/phyAI_ws/install/cleaner_msgs/share/cleaner_msgs/hook/ld_library_path_lib.dsv'
[5.722s] INFO:colcon.colcon_core.shell:Creating environment hook '/home/sunny/cleaner_ws/phyAI_ws/install/cleaner_msgs/share/cleaner_msgs/hook/ld_library_path_lib.sh'
[5.722s] Level 1:colcon.colcon_core.environment:checking '/home/sunny/cleaner_ws/phyAI_ws/install/cleaner_msgs/bin'
[5.722s] Level 1:colcon.colcon_core.environment:checking '/home/sunny/cleaner_ws/phyAI_ws/install/cleaner_msgs/lib/pkgconfig/cleaner_msgs.pc'
[5.723s] Level 1:colcon.colcon_core.environment:checking '/home/sunny/cleaner_ws/phyAI_ws/install/cleaner_msgs/lib/python3.10/site-packages'
[5.723s] Level 1:colcon.colcon_core.environment:checking '/home/sunny/cleaner_ws/phyAI_ws/install/cleaner_msgs/bin'
[5.723s] INFO:colcon.colcon_core.shell:Creating package script '/home/sunny/cleaner_ws/phyAI_ws/install/cleaner_msgs/share/cleaner_msgs/package.ps1'
[5.723s] INFO:colcon.colcon_core.shell:Creating package descriptor '/home/sunny/cleaner_ws/phyAI_ws/install/cleaner_msgs/share/cleaner_msgs/package.dsv'
[5.724s] INFO:colcon.colcon_core.shell:Creating package script '/home/sunny/cleaner_ws/phyAI_ws/install/cleaner_msgs/share/cleaner_msgs/package.sh'
[5.724s] INFO:colcon.colcon_core.shell:Creating package script '/home/sunny/cleaner_ws/phyAI_ws/install/cleaner_msgs/share/cleaner_msgs/package.bash'
[5.724s] INFO:colcon.colcon_core.shell:Creating package script '/home/sunny/cleaner_ws/phyAI_ws/install/cleaner_msgs/share/cleaner_msgs/package.zsh'
[5.725s] Level 1:colcon.colcon_core.environment:create_file_with_runtime_dependencies(/home/sunny/cleaner_ws/phyAI_ws/install/cleaner_msgs/share/colcon-core/packages/cleaner_msgs)
[5.725s] Level 1:colcon.colcon_core.environment:create_environment_scripts_only(cleaner_msgs)
[5.725s] Level 1:colcon.colcon_core.environment:checking '/home/sunny/cleaner_ws/phyAI_ws/install/cleaner_msgs' for CMake module files
[5.726s] Level 1:colcon.colcon_core.environment:checking '/home/sunny/cleaner_ws/phyAI_ws/install/cleaner_msgs' for CMake config files
[5.727s] Level 1:colcon.colcon_core.shell:create_environment_hook('cleaner_msgs', 'cmake_prefix_path')
[5.727s] INFO:colcon.colcon_core.shell:Creating environment hook '/home/sunny/cleaner_ws/phyAI_ws/install/cleaner_msgs/share/cleaner_msgs/hook/cmake_prefix_path.ps1'
[5.727s] INFO:colcon.colcon_core.shell:Creating environment descriptor '/home/sunny/cleaner_ws/phyAI_ws/install/cleaner_msgs/share/cleaner_msgs/hook/cmake_prefix_path.dsv'
[5.727s] INFO:colcon.colcon_core.shell:Creating environment hook '/home/sunny/cleaner_ws/phyAI_ws/install/cleaner_msgs/share/cleaner_msgs/hook/cmake_prefix_path.sh'
[5.728s] Level 1:colcon.colcon_core.environment:checking '/home/sunny/cleaner_ws/phyAI_ws/install/cleaner_msgs/lib'
[5.728s] Level 1:colcon.colcon_core.shell:create_environment_hook('cleaner_msgs', 'ld_library_path_lib')
[5.728s] INFO:colcon.colcon_core.shell:Creating environment hook '/home/sunny/cleaner_ws/phyAI_ws/install/cleaner_msgs/share/cleaner_msgs/hook/ld_library_path_lib.ps1'
[5.728s] INFO:colcon.colcon_core.shell:Creating environment descriptor '/home/sunny/cleaner_ws/phyAI_ws/install/cleaner_msgs/share/cleaner_msgs/hook/ld_library_path_lib.dsv'
[5.728s] INFO:colcon.colcon_core.shell:Creating environment hook '/home/sunny/cleaner_ws/phyAI_ws/install/cleaner_msgs/share/cleaner_msgs/hook/ld_library_path_lib.sh'
[5.728s] Level 1:colcon.colcon_core.environment:checking '/home/sunny/cleaner_ws/phyAI_ws/install/cleaner_msgs/bin'
[5.729s] Level 1:colcon.colcon_core.environment:checking '/home/sunny/cleaner_ws/phyAI_ws/install/cleaner_msgs/lib/pkgconfig/cleaner_msgs.pc'
[5.729s] Level 1:colcon.colcon_core.environment:checking '/home/sunny/cleaner_ws/phyAI_ws/install/cleaner_msgs/lib/python3.10/site-packages'
[5.729s] Level 1:colcon.colcon_core.environment:checking '/home/sunny/cleaner_ws/phyAI_ws/install/cleaner_msgs/bin'
[5.729s] INFO:colcon.colcon_core.shell:Creating package script '/home/sunny/cleaner_ws/phyAI_ws/install/cleaner_msgs/share/cleaner_msgs/package.ps1'
[5.730s] INFO:colcon.colcon_core.shell:Creating package descriptor '/home/sunny/cleaner_ws/phyAI_ws/install/cleaner_msgs/share/cleaner_msgs/package.dsv'
[5.730s] INFO:colcon.colcon_core.shell:Creating package script '/home/sunny/cleaner_ws/phyAI_ws/install/cleaner_msgs/share/cleaner_msgs/package.sh'
[5.730s] INFO:colcon.colcon_core.shell:Creating package script '/home/sunny/cleaner_ws/phyAI_ws/install/cleaner_msgs/share/cleaner_msgs/package.bash'
[5.730s] INFO:colcon.colcon_core.shell:Creating package script '/home/sunny/cleaner_ws/phyAI_ws/install/cleaner_msgs/share/cleaner_msgs/package.zsh'
[5.731s] Level 1:colcon.colcon_core.environment:create_file_with_runtime_dependencies(/home/sunny/cleaner_ws/phyAI_ws/install/cleaner_msgs/share/colcon-core/packages/cleaner_msgs)
[6.726s] DEBUG:colcon.colcon_core.event_handler.log_command:Invoked command in '/home/sunny/cleaner_ws/phyAI_ws/build/yolov8_msgs' returned '0': CMAKE_PREFIX_PATH=/opt/ros/humble /usr/bin/cmake --build /home/sunny/cleaner_ws/phyAI_ws/build/yolov8_msgs -- -j16 -l16
[6.727s] DEBUG:colcon.colcon_core.event_handler.log_command:Invoking command in '/home/sunny/cleaner_ws/phyAI_ws/build/yolov8_msgs': CMAKE_PREFIX_PATH=/opt/ros/humble /usr/bin/cmake --install /home/sunny/cleaner_ws/phyAI_ws/build/yolov8_msgs
[6.834s] Level 1:colcon.colcon_core.environment:create_environment_scripts_only(yolov8_msgs)
[6.834s] Level 1:colcon.colcon_core.environment:checking '/home/sunny/cleaner_ws/phyAI_ws/install/yolov8_msgs' for CMake module files
[6.835s] DEBUG:colcon.colcon_core.event_handler.log_command:Invoked command in '/home/sunny/cleaner_ws/phyAI_ws/build/yolov8_msgs' returned '0': CMAKE_PREFIX_PATH=/opt/ros/humble /usr/bin/cmake --install /home/sunny/cleaner_ws/phyAI_ws/build/yolov8_msgs
[6.835s] Level 1:colcon.colcon_core.environment:checking '/home/sunny/cleaner_ws/phyAI_ws/install/yolov8_msgs' for CMake config files
[6.836s] Level 1:colcon.colcon_core.shell:create_environment_hook('yolov8_msgs', 'cmake_prefix_path')
[6.836s] INFO:colcon.colcon_core.shell:Creating environment hook '/home/sunny/cleaner_ws/phyAI_ws/install/yolov8_msgs/share/yolov8_msgs/hook/cmake_prefix_path.ps1'
[6.836s] INFO:colcon.colcon_core.shell:Creating environment descriptor '/home/sunny/cleaner_ws/phyAI_ws/install/yolov8_msgs/share/yolov8_msgs/hook/cmake_prefix_path.dsv'
[6.836s] INFO:colcon.colcon_core.shell:Creating environment hook '/home/sunny/cleaner_ws/phyAI_ws/install/yolov8_msgs/share/yolov8_msgs/hook/cmake_prefix_path.sh'
[6.837s] Level 1:colcon.colcon_core.environment:checking '/home/sunny/cleaner_ws/phyAI_ws/install/yolov8_msgs/lib'
[6.837s] Level 1:colcon.colcon_core.shell:create_environment_hook('yolov8_msgs', 'ld_library_path_lib')
[6.837s] INFO:colcon.colcon_core.shell:Creating environment hook '/home/sunny/cleaner_ws/phyAI_ws/install/yolov8_msgs/share/yolov8_msgs/hook/ld_library_path_lib.ps1'
[6.837s] INFO:colcon.colcon_core.shell:Creating environment descriptor '/home/sunny/cleaner_ws/phyAI_ws/install/yolov8_msgs/share/yolov8_msgs/hook/ld_library_path_lib.dsv'
[6.837s] INFO:colcon.colcon_core.shell:Creating environment hook '/home/sunny/cleaner_ws/phyAI_ws/install/yolov8_msgs/share/yolov8_msgs/hook/ld_library_path_lib.sh'
[6.838s] Level 1:colcon.colcon_core.environment:checking '/home/sunny/cleaner_ws/phyAI_ws/install/yolov8_msgs/bin'
[6.838s] Level 1:colcon.colcon_core.environment:checking '/home/sunny/cleaner_ws/phyAI_ws/install/yolov8_msgs/lib/pkgconfig/yolov8_msgs.pc'
[6.838s] Level 1:colcon.colcon_core.environment:checking '/home/sunny/cleaner_ws/phyAI_ws/install/yolov8_msgs/lib/python3.10/site-packages'
[6.838s] Level 1:colcon.colcon_core.environment:checking '/home/sunny/cleaner_ws/phyAI_ws/install/yolov8_msgs/bin'
[6.838s] INFO:colcon.colcon_core.shell:Creating package script '/home/sunny/cleaner_ws/phyAI_ws/install/yolov8_msgs/share/yolov8_msgs/package.ps1'
[6.839s] INFO:colcon.colcon_core.shell:Creating package descriptor '/home/sunny/cleaner_ws/phyAI_ws/install/yolov8_msgs/share/yolov8_msgs/package.dsv'
[6.839s] INFO:colcon.colcon_core.shell:Creating package script '/home/sunny/cleaner_ws/phyAI_ws/install/yolov8_msgs/share/yolov8_msgs/package.sh'
[6.839s] INFO:colcon.colcon_core.shell:Creating package script '/home/sunny/cleaner_ws/phyAI_ws/install/yolov8_msgs/share/yolov8_msgs/package.bash'
[6.839s] INFO:colcon.colcon_core.shell:Creating package script '/home/sunny/cleaner_ws/phyAI_ws/install/yolov8_msgs/share/yolov8_msgs/package.zsh'
[6.840s] Level 1:colcon.colcon_core.environment:create_file_with_runtime_dependencies(/home/sunny/cleaner_ws/phyAI_ws/install/yolov8_msgs/share/colcon-core/packages/yolov8_msgs)
[6.840s] Level 1:colcon.colcon_core.environment:create_environment_scripts_only(yolov8_msgs)
[6.840s] Level 1:colcon.colcon_core.environment:checking '/home/sunny/cleaner_ws/phyAI_ws/install/yolov8_msgs' for CMake module files
[6.841s] Level 1:colcon.colcon_core.environment:checking '/home/sunny/cleaner_ws/phyAI_ws/install/yolov8_msgs' for CMake config files
[6.841s] Level 1:colcon.colcon_core.shell:create_environment_hook('yolov8_msgs', 'cmake_prefix_path')
[6.841s] INFO:colcon.colcon_core.shell:Creating environment hook '/home/sunny/cleaner_ws/phyAI_ws/install/yolov8_msgs/share/yolov8_msgs/hook/cmake_prefix_path.ps1'
[6.842s] INFO:colcon.colcon_core.shell:Creating environment descriptor '/home/sunny/cleaner_ws/phyAI_ws/install/yolov8_msgs/share/yolov8_msgs/hook/cmake_prefix_path.dsv'
[6.842s] INFO:colcon.colcon_core.shell:Creating environment hook '/home/sunny/cleaner_ws/phyAI_ws/install/yolov8_msgs/share/yolov8_msgs/hook/cmake_prefix_path.sh'
[6.842s] Level 1:colcon.colcon_core.environment:checking '/home/sunny/cleaner_ws/phyAI_ws/install/yolov8_msgs/lib'
[6.842s] Level 1:colcon.colcon_core.shell:create_environment_hook('yolov8_msgs', 'ld_library_path_lib')
[6.842s] INFO:colcon.colcon_core.shell:Creating environment hook '/home/sunny/cleaner_ws/phyAI_ws/install/yolov8_msgs/share/yolov8_msgs/hook/ld_library_path_lib.ps1'
[6.843s] INFO:colcon.colcon_core.shell:Creating environment descriptor '/home/sunny/cleaner_ws/phyAI_ws/install/yolov8_msgs/share/yolov8_msgs/hook/ld_library_path_lib.dsv'
[6.843s] INFO:colcon.colcon_core.shell:Creating environment hook '/home/sunny/cleaner_ws/phyAI_ws/install/yolov8_msgs/share/yolov8_msgs/hook/ld_library_path_lib.sh'
[6.843s] Level 1:colcon.colcon_core.environment:checking '/home/sunny/cleaner_ws/phyAI_ws/install/yolov8_msgs/bin'
[6.843s] Level 1:colcon.colcon_core.environment:checking '/home/sunny/cleaner_ws/phyAI_ws/install/yolov8_msgs/lib/pkgconfig/yolov8_msgs.pc'
[6.843s] Level 1:colcon.colcon_core.environment:checking '/home/sunny/cleaner_ws/phyAI_ws/install/yolov8_msgs/lib/python3.10/site-packages'
[6.843s] Level 1:colcon.colcon_core.environment:checking '/home/sunny/cleaner_ws/phyAI_ws/install/yolov8_msgs/bin'
[6.844s] INFO:colcon.colcon_core.shell:Creating package script '/home/sunny/cleaner_ws/phyAI_ws/install/yolov8_msgs/share/yolov8_msgs/package.ps1'
[6.844s] INFO:colcon.colcon_core.shell:Creating package descriptor '/home/sunny/cleaner_ws/phyAI_ws/install/yolov8_msgs/share/yolov8_msgs/package.dsv'
[6.844s] INFO:colcon.colcon_core.shell:Creating package script '/home/sunny/cleaner_ws/phyAI_ws/install/yolov8_msgs/share/yolov8_msgs/package.sh'
[6.845s] INFO:colcon.colcon_core.shell:Creating package script '/home/sunny/cleaner_ws/phyAI_ws/install/yolov8_msgs/share/yolov8_msgs/package.bash'
[6.845s] INFO:colcon.colcon_core.shell:Creating package script '/home/sunny/cleaner_ws/phyAI_ws/install/yolov8_msgs/share/yolov8_msgs/package.zsh'
[6.845s] Level 1:colcon.colcon_core.environment:create_file_with_runtime_dependencies(/home/sunny/cleaner_ws/phyAI_ws/install/yolov8_msgs/share/colcon-core/packages/yolov8_msgs)
[6.846s] INFO:colcon.colcon_ros.task.ament_python.build:Building ROS package in '/home/sunny/cleaner_ws/phyAI_ws/src/vision_context_builder' with build type 'ament_python'
[6.846s] Level 1:colcon.colcon_core.shell:create_environment_hook('vision_context_builder', 'ament_prefix_path')
[6.846s] INFO:colcon.colcon_core.shell:Creating environment hook '/home/sunny/cleaner_ws/phyAI_ws/install/vision_context_builder/share/vision_context_builder/hook/ament_prefix_path.ps1'
[6.846s] INFO:colcon.colcon_core.shell:Creating environment descriptor '/home/sunny/cleaner_ws/phyAI_ws/install/vision_context_builder/share/vision_context_builder/hook/ament_prefix_path.dsv'
[6.847s] INFO:colcon.colcon_core.shell:Creating environment hook '/home/sunny/cleaner_ws/phyAI_ws/install/vision_context_builder/share/vision_context_builder/hook/ament_prefix_path.sh'
[6.848s] INFO:colcon.colcon_core.shell:Skip shell extension 'powershell' for command environment: Not usable outside of PowerShell
[6.848s] DEBUG:colcon.colcon_core.shell:Skip shell extension 'dsv' for command environment
[7.060s] INFO:colcon.colcon_core.task.python.build:Building Python package in '/home/sunny/cleaner_ws/phyAI_ws/src/vision_context_builder'
[7.060s] INFO:colcon.colcon_core.shell:Skip shell extension 'powershell' for command environment: Not usable outside of PowerShell
[7.060s] DEBUG:colcon.colcon_core.shell:Skip shell extension 'dsv' for command environment
[7.335s] DEBUG:colcon.colcon_core.event_handler.log_command:Invoking command in '/home/sunny/cleaner_ws/phyAI_ws/src/vision_context_builder': AMENT_PREFIX_PATH=/home/sunny/cleaner_ws/phyAI_ws/install/yolov8_msgs:${AMENT_PREFIX_PATH} CMAKE_PREFIX_PATH=/home/sunny/cleaner_ws/phyAI_ws/install/yolov8_msgs LD_LIBRARY_PATH=/home/sunny/cleaner_ws/phyAI_ws/install/yolov8_msgs/lib:${LD_LIBRARY_PATH} PYTHONPATH=/home/sunny/cleaner_ws/phyAI_ws/build/vision_context_builder/prefix_override:/usr/lib/python3/dist-packages/colcon_core/task/python/colcon_distutils_commands:/home/sunny/cleaner_ws/phyAI_ws/install/vision_context_builder/lib/python3.10/site-packages:/home/sunny/cleaner_ws/phyAI_ws/install/yolov8_msgs/local/lib/python3.10/dist-packages:${PYTHONPATH} /usr/bin/python3 -W ignore:setup.py install is deprecated -W ignore:easy_install command is deprecated setup.py egg_info --egg-base ../../build/vision_context_builder build --build-base /home/sunny/cleaner_ws/phyAI_ws/build/vision_context_builder/build install --record /home/sunny/cleaner_ws/phyAI_ws/build/vision_context_builder/install.log --single-version-externally-managed install_data
[7.557s] Level 1:colcon.colcon_core.environment:checking '/home/sunny/cleaner_ws/phyAI_ws/install/vision_context_builder' for CMake module files
[7.559s] DEBUG:colcon.colcon_core.event_handler.log_command:Invoked command in '/home/sunny/cleaner_ws/phyAI_ws/src/vision_context_builder' returned '0': AMENT_PREFIX_PATH=/home/sunny/cleaner_ws/phyAI_ws/install/yolov8_msgs:${AMENT_PREFIX_PATH} CMAKE_PREFIX_PATH=/home/sunny/cleaner_ws/phyAI_ws/install/yolov8_msgs LD_LIBRARY_PATH=/home/sunny/cleaner_ws/phyAI_ws/install/yolov8_msgs/lib:${LD_LIBRARY_PATH} PYTHONPATH=/home/sunny/cleaner_ws/phyAI_ws/build/vision_context_builder/prefix_override:/usr/lib/python3/dist-packages/colcon_core/task/python/colcon_distutils_commands:/home/sunny/cleaner_ws/phyAI_ws/install/vision_context_builder/lib/python3.10/site-packages:/home/sunny/cleaner_ws/phyAI_ws/install/yolov8_msgs/local/lib/python3.10/dist-packages:${PYTHONPATH} /usr/bin/python3 -W ignore:setup.py install is deprecated -W ignore:easy_install command is deprecated setup.py egg_info --egg-base ../../build/vision_context_builder build --build-base /home/sunny/cleaner_ws/phyAI_ws/build/vision_context_builder/build install --record /home/sunny/cleaner_ws/phyAI_ws/build/vision_context_builder/install.log --single-version-externally-managed install_data
[7.560s] Level 1:colcon.colcon_core.environment:checking '/home/sunny/cleaner_ws/phyAI_ws/install/vision_context_builder' for CMake config files
[7.560s] Level 1:colcon.colcon_core.environment:checking '/home/sunny/cleaner_ws/phyAI_ws/install/vision_context_builder/lib'
[7.560s] Level 1:colcon.colcon_core.environment:checking '/home/sunny/cleaner_ws/phyAI_ws/install/vision_context_builder/bin'
[7.560s] Level 1:colcon.colcon_core.environment:checking '/home/sunny/cleaner_ws/phyAI_ws/install/vision_context_builder/lib/pkgconfig/vision_context_builder.pc'
[7.561s] Level 1:colcon.colcon_core.environment:checking '/home/sunny/cleaner_ws/phyAI_ws/install/vision_context_builder/lib/python3.10/site-packages'
[7.561s] Level 1:colcon.colcon_core.shell:create_environment_hook('vision_context_builder', 'pythonpath')
[7.561s] INFO:colcon.colcon_core.shell:Creating environment hook '/home/sunny/cleaner_ws/phyAI_ws/install/vision_context_builder/share/vision_context_builder/hook/pythonpath.ps1'
[7.561s] INFO:colcon.colcon_core.shell:Creating environment descriptor '/home/sunny/cleaner_ws/phyAI_ws/install/vision_context_builder/share/vision_context_builder/hook/pythonpath.dsv'
[7.561s] INFO:colcon.colcon_core.shell:Creating environment hook '/home/sunny/cleaner_ws/phyAI_ws/install/vision_context_builder/share/vision_context_builder/hook/pythonpath.sh'
[7.562s] Level 1:colcon.colcon_core.environment:checking '/home/sunny/cleaner_ws/phyAI_ws/install/vision_context_builder/bin'
[7.562s] Level 1:colcon.colcon_core.environment:create_environment_scripts_only(vision_context_builder)
[7.562s] INFO:colcon.colcon_core.shell:Creating package script '/home/sunny/cleaner_ws/phyAI_ws/install/vision_context_builder/share/vision_context_builder/package.ps1'
[7.562s] INFO:colcon.colcon_core.shell:Creating package descriptor '/home/sunny/cleaner_ws/phyAI_ws/install/vision_context_builder/share/vision_context_builder/package.dsv'
[7.562s] INFO:colcon.colcon_core.shell:Creating package script '/home/sunny/cleaner_ws/phyAI_ws/install/vision_context_builder/share/vision_context_builder/package.sh'
[7.563s] INFO:colcon.colcon_core.shell:Creating package script '/home/sunny/cleaner_ws/phyAI_ws/install/vision_context_builder/share/vision_context_builder/package.bash'
[7.563s] INFO:colcon.colcon_core.shell:Creating package script '/home/sunny/cleaner_ws/phyAI_ws/install/vision_context_builder/share/vision_context_builder/package.zsh'
[7.563s] Level 1:colcon.colcon_core.environment:create_file_with_runtime_dependencies(/home/sunny/cleaner_ws/phyAI_ws/install/vision_context_builder/share/colcon-core/packages/vision_context_builder)
[10.351s] DEBUG:colcon.colcon_core.event_handler.log_command:Invoked command in '/home/sunny/cleaner_ws/phyAI_ws/build/usb_cam' returned '0': CMAKE_PREFIX_PATH=/opt/ros/humble /usr/bin/cmake --build /home/sunny/cleaner_ws/phyAI_ws/build/usb_cam -- -j16 -l16
[10.352s] DEBUG:colcon.colcon_core.event_handler.log_command:Invoking command in '/home/sunny/cleaner_ws/phyAI_ws/build/usb_cam': CMAKE_PREFIX_PATH=/opt/ros/humble /usr/bin/cmake --install /home/sunny/cleaner_ws/phyAI_ws/build/usb_cam
[10.373s] Level 1:colcon.colcon_core.environment:create_environment_scripts_only(usb_cam)
[10.373s] Level 1:colcon.colcon_core.environment:checking '/home/sunny/cleaner_ws/phyAI_ws/install/usb_cam' for CMake module files
[10.373s] DEBUG:colcon.colcon_core.event_handler.log_command:Invoked command in '/home/sunny/cleaner_ws/phyAI_ws/build/usb_cam' returned '0': CMAKE_PREFIX_PATH=/opt/ros/humble /usr/bin/cmake --install /home/sunny/cleaner_ws/phyAI_ws/build/usb_cam
[10.373s] Level 1:colcon.colcon_core.environment:checking '/home/sunny/cleaner_ws/phyAI_ws/install/usb_cam' for CMake config files
[10.374s] Level 1:colcon.colcon_core.shell:create_environment_hook('usb_cam', 'cmake_prefix_path')
[10.374s] INFO:colcon.colcon_core.shell:Creating environment hook '/home/sunny/cleaner_ws/phyAI_ws/install/usb_cam/share/usb_cam/hook/cmake_prefix_path.ps1'
[10.374s] INFO:colcon.colcon_core.shell:Creating environment descriptor '/home/sunny/cleaner_ws/phyAI_ws/install/usb_cam/share/usb_cam/hook/cmake_prefix_path.dsv'
[10.374s] INFO:colcon.colcon_core.shell:Creating environment hook '/home/sunny/cleaner_ws/phyAI_ws/install/usb_cam/share/usb_cam/hook/cmake_prefix_path.sh'
[10.375s] Level 1:colcon.colcon_core.environment:checking '/home/sunny/cleaner_ws/phyAI_ws/install/usb_cam/lib'
[10.375s] Level 1:colcon.colcon_core.shell:create_environment_hook('usb_cam', 'ld_library_path_lib')
[10.375s] INFO:colcon.colcon_core.shell:Creating environment hook '/home/sunny/cleaner_ws/phyAI_ws/install/usb_cam/share/usb_cam/hook/ld_library_path_lib.ps1'
[10.375s] INFO:colcon.colcon_core.shell:Creating environment descriptor '/home/sunny/cleaner_ws/phyAI_ws/install/usb_cam/share/usb_cam/hook/ld_library_path_lib.dsv'
[10.375s] INFO:colcon.colcon_core.shell:Creating environment hook '/home/sunny/cleaner_ws/phyAI_ws/install/usb_cam/share/usb_cam/hook/ld_library_path_lib.sh'
[10.375s] Level 1:colcon.colcon_core.environment:checking '/home/sunny/cleaner_ws/phyAI_ws/install/usb_cam/bin'
[10.375s] Level 1:colcon.colcon_core.environment:checking '/home/sunny/cleaner_ws/phyAI_ws/install/usb_cam/lib/pkgconfig/usb_cam.pc'
[10.375s] Level 1:colcon.colcon_core.environment:checking '/home/sunny/cleaner_ws/phyAI_ws/install/usb_cam/lib/python3.10/site-packages'
[10.376s] Level 1:colcon.colcon_core.environment:checking '/home/sunny/cleaner_ws/phyAI_ws/install/usb_cam/bin'
[10.376s] INFO:colcon.colcon_core.shell:Creating package script '/home/sunny/cleaner_ws/phyAI_ws/install/usb_cam/share/usb_cam/package.ps1'
[10.376s] INFO:colcon.colcon_core.shell:Creating package descriptor '/home/sunny/cleaner_ws/phyAI_ws/install/usb_cam/share/usb_cam/package.dsv'
[10.376s] INFO:colcon.colcon_core.shell:Creating package script '/home/sunny/cleaner_ws/phyAI_ws/install/usb_cam/share/usb_cam/package.sh'
[10.377s] INFO:colcon.colcon_core.shell:Creating package script '/home/sunny/cleaner_ws/phyAI_ws/install/usb_cam/share/usb_cam/package.bash'
[10.377s] INFO:colcon.colcon_core.shell:Creating package script '/home/sunny/cleaner_ws/phyAI_ws/install/usb_cam/share/usb_cam/package.zsh'
[10.377s] Level 1:colcon.colcon_core.environment:create_file_with_runtime_dependencies(/home/sunny/cleaner_ws/phyAI_ws/install/usb_cam/share/colcon-core/packages/usb_cam)
[10.377s] Level 1:colcon.colcon_core.environment:create_environment_scripts_only(usb_cam)
[10.377s] Level 1:colcon.colcon_core.environment:checking '/home/sunny/cleaner_ws/phyAI_ws/install/usb_cam' for CMake module files
[10.378s] Level 1:colcon.colcon_core.environment:checking '/home/sunny/cleaner_ws/phyAI_ws/install/usb_cam' for CMake config files
[10.378s] Level 1:colcon.colcon_core.shell:create_environment_hook('usb_cam', 'cmake_prefix_path')
[10.378s] INFO:colcon.colcon_core.shell:Creating environment hook '/home/sunny/cleaner_ws/phyAI_ws/install/usb_cam/share/usb_cam/hook/cmake_prefix_path.ps1'
[10.378s] INFO:colcon.colcon_core.shell:Creating environment descriptor '/home/sunny/cleaner_ws/phyAI_ws/install/usb_cam/share/usb_cam/hook/cmake_prefix_path.dsv'
[10.378s] INFO:colcon.colcon_core.shell:Creating environment hook '/home/sunny/cleaner_ws/phyAI_ws/install/usb_cam/share/usb_cam/hook/cmake_prefix_path.sh'
[10.379s] Level 1:colcon.colcon_core.environment:checking '/home/sunny/cleaner_ws/phyAI_ws/install/usb_cam/lib'
[10.379s] Level 1:colcon.colcon_core.shell:create_environment_hook('usb_cam', 'ld_library_path_lib')
[10.379s] INFO:colcon.colcon_core.shell:Creating environment hook '/home/sunny/cleaner_ws/phyAI_ws/install/usb_cam/share/usb_cam/hook/ld_library_path_lib.ps1'
[10.379s] INFO:colcon.colcon_core.shell:Creating environment descriptor '/home/sunny/cleaner_ws/phyAI_ws/install/usb_cam/share/usb_cam/hook/ld_library_path_lib.dsv'
[10.379s] INFO:colcon.colcon_core.shell:Creating environment hook '/home/sunny/cleaner_ws/phyAI_ws/install/usb_cam/share/usb_cam/hook/ld_library_path_lib.sh'
[10.380s] Level 1:colcon.colcon_core.environment:checking '/home/sunny/cleaner_ws/phyAI_ws/install/usb_cam/bin'
[10.380s] Level 1:colcon.colcon_core.environment:checking '/home/sunny/cleaner_ws/phyAI_ws/install/usb_cam/lib/pkgconfig/usb_cam.pc'
[10.380s] Level 1:colcon.colcon_core.environment:checking '/home/sunny/cleaner_ws/phyAI_ws/install/usb_cam/lib/python3.10/site-packages'
[10.380s] Level 1:colcon.colcon_core.environment:checking '/home/sunny/cleaner_ws/phyAI_ws/install/usb_cam/bin'
[10.380s] INFO:colcon.colcon_core.shell:Creating package script '/home/sunny/cleaner_ws/phyAI_ws/install/usb_cam/share/usb_cam/package.ps1'
[10.380s] INFO:colcon.colcon_core.shell:Creating package descriptor '/home/sunny/cleaner_ws/phyAI_ws/install/usb_cam/share/usb_cam/package.dsv'
[10.381s] INFO:colcon.colcon_core.shell:Creating package script '/home/sunny/cleaner_ws/phyAI_ws/install/usb_cam/share/usb_cam/package.sh'
[10.381s] INFO:colcon.colcon_core.shell:Creating package script '/home/sunny/cleaner_ws/phyAI_ws/install/usb_cam/share/usb_cam/package.bash'
[10.381s] INFO:colcon.colcon_core.shell:Creating package script '/home/sunny/cleaner_ws/phyAI_ws/install/usb_cam/share/usb_cam/package.zsh'
[10.381s] Level 1:colcon.colcon_core.environment:create_file_with_runtime_dependencies(/home/sunny/cleaner_ws/phyAI_ws/install/usb_cam/share/colcon-core/packages/usb_cam)
[10.381s] DEBUG:colcon.colcon_parallel_executor.executor.parallel:closing loop
[10.382s] DEBUG:colcon.colcon_parallel_executor.executor.parallel:loop closed
[10.382s] DEBUG:colcon.colcon_parallel_executor.executor.parallel:run_until_complete finished with '0'
[10.382s] DEBUG:colcon.colcon_core.event_reactor:joining thread
[10.386s] INFO:colcon.colcon_core.plugin_system:Skipping extension 'colcon_notification.desktop_notification.terminal_notifier': Not used on non-Darwin systems
[10.386s] INFO:colcon.colcon_core.plugin_system:Skipping extension 'colcon_notification.desktop_notification.win32': Not used on non-Windows systems
[10.386s] INFO:colcon.colcon_notification.desktop_notification:Sending desktop notification using 'notify2'
[10.396s] DEBUG:colcon.colcon_core.event_reactor:joined thread
[10.397s] INFO:colcon.colcon_core.shell:Creating prefix script '/home/sunny/cleaner_ws/phyAI_ws/install/local_setup.ps1'
[10.397s] INFO:colcon.colcon_core.shell:Creating prefix util module '/home/sunny/cleaner_ws/phyAI_ws/install/_local_setup_util_ps1.py'
[10.398s] INFO:colcon.colcon_core.shell:Creating prefix chain script '/home/sunny/cleaner_ws/phyAI_ws/install/setup.ps1'
[10.399s] INFO:colcon.colcon_core.shell:Creating prefix script '/home/sunny/cleaner_ws/phyAI_ws/install/local_setup.sh'
[10.399s] INFO:colcon.colcon_core.shell:Creating prefix util module '/home/sunny/cleaner_ws/phyAI_ws/install/_local_setup_util_sh.py'
[10.399s] INFO:colcon.colcon_core.shell:Creating prefix chain script '/home/sunny/cleaner_ws/phyAI_ws/install/setup.sh'
[10.400s] INFO:colcon.colcon_core.shell:Creating prefix script '/home/sunny/cleaner_ws/phyAI_ws/install/local_setup.bash'
[10.400s] INFO:colcon.colcon_core.shell:Creating prefix chain script '/home/sunny/cleaner_ws/phyAI_ws/install/setup.bash'
[10.401s] INFO:colcon.colcon_core.shell:Creating prefix script '/home/sunny/cleaner_ws/phyAI_ws/install/local_setup.zsh'
[10.401s] INFO:colcon.colcon_core.shell:Creating prefix chain script '/home/sunny/cleaner_ws/phyAI_ws/install/setup.zsh'
