[0.063s] DEBUG:colcon:Command line arguments: ['/usr/bin/colcon', 'build']
[0.064s] DEBUG:colcon:Parsed command line arguments: Namespace(log_base=None, log_level=None, verb_name='build', build_base='build', install_base='install', merge_install=False, symlink_install=False, test_result_base=None, continue_on_error=False, executor='parallel', parallel_workers=16, event_handlers=None, ignore_user_meta=False, metas=['./colcon.meta'], base_paths=['.'], packages_ignore=None, packages_ignore_regex=None, paths=None, packages_up_to=None, packages_up_to_regex=None, packages_above=None, packages_above_and_dependencies=None, packages_above_depth=None, packages_select_by_dep=None, packages_skip_by_dep=None, packages_skip_up_to=None, packages_select_build_failed=False, packages_skip_build_finished=False, packages_select_test_failures=False, packages_skip_test_passed=False, packages_select=None, packages_skip=None, packages_select_regex=None, packages_skip_regex=None, packages_start=None, packages_end=None, allow_overriding=[], cmake_args=None, cmake_target=None, cmake_target_skip_unavailable=False, cmake_clean_cache=False, cmake_clean_first=False, cmake_force_configure=False, ament_cmake_args=None, catkin_cmake_args=None, catkin_skip_building_tests=False, mixin_files=None, mixin=None, verb_parser=<colcon_mixin.mixin.mixin_argument.MixinArgumentDecorator object at 0x76cf449ab940>, verb_extension=<colcon_core.verb.build.BuildVerb object at 0x76cf44ad5030>, main=<bound method BuildVerb.main of <colcon_core.verb.build.BuildVerb object at 0x76cf44ad5030>>, mixin_verb=('build',))
[0.184s] Level 1:colcon.colcon_core.package_discovery:discover_packages(colcon_meta) check parameters
[0.184s] Level 1:colcon.colcon_core.package_discovery:discover_packages(recursive) check parameters
[0.184s] Level 1:colcon.colcon_core.package_discovery:discover_packages(ignore) check parameters
[0.184s] Level 1:colcon.colcon_core.package_discovery:discover_packages(path) check parameters
[0.184s] Level 1:colcon.colcon_core.package_discovery:discover_packages(colcon_meta) discover
[0.184s] Level 1:colcon.colcon_core.package_discovery:discover_packages(recursive) discover
[0.184s] INFO:colcon.colcon_core.package_discovery:Crawling recursively for packages in '/home/sunny/cleaner_ws/phyAI_ws'
[0.184s] Level 1:colcon.colcon_core.package_identification:_identify(.) by extensions ['ignore', 'ignore_ament_install']
[0.184s] Level 1:colcon.colcon_core.package_identification:_identify(.) by extension 'ignore'
[0.184s] Level 1:colcon.colcon_core.package_identification:_identify(.) by extension 'ignore_ament_install'
[0.184s] Level 1:colcon.colcon_core.package_identification:_identify(.) by extensions ['colcon_pkg']
[0.184s] Level 1:colcon.colcon_core.package_identification:_identify(.) by extension 'colcon_pkg'
[0.184s] Level 1:colcon.colcon_core.package_identification:_identify(.) by extensions ['colcon_meta']
[0.184s] Level 1:colcon.colcon_core.package_identification:_identify(.) by extension 'colcon_meta'
[0.184s] Level 1:colcon.colcon_core.package_identification:_identify(.) by extensions ['ros']
[0.184s] Level 1:colcon.colcon_core.package_identification:_identify(.) by extension 'ros'
[0.191s] Level 1:colcon.colcon_core.package_identification:_identify(.) by extensions ['cmake', 'python']
[0.191s] Level 1:colcon.colcon_core.package_identification:_identify(.) by extension 'cmake'
[0.191s] Level 1:colcon.colcon_core.package_identification:_identify(.) by extension 'python'
[0.191s] Level 1:colcon.colcon_core.package_identification:_identify(.) by extensions ['python_setup_py']
[0.191s] Level 1:colcon.colcon_core.package_identification:_identify(.) by extension 'python_setup_py'
[0.191s] Level 1:colcon.colcon_core.package_identification:_identify(build) by extensions ['ignore', 'ignore_ament_install']
[0.191s] Level 1:colcon.colcon_core.package_identification:_identify(build) by extension 'ignore'
[0.191s] Level 1:colcon.colcon_core.package_identification:_identify(build) ignored
[0.191s] Level 1:colcon.colcon_core.package_identification:_identify(install) by extensions ['ignore', 'ignore_ament_install']
[0.191s] Level 1:colcon.colcon_core.package_identification:_identify(install) by extension 'ignore'
[0.191s] Level 1:colcon.colcon_core.package_identification:_identify(install) ignored
[0.191s] Level 1:colcon.colcon_core.package_identification:_identify(log) by extensions ['ignore', 'ignore_ament_install']
[0.191s] Level 1:colcon.colcon_core.package_identification:_identify(log) by extension 'ignore'
[0.191s] Level 1:colcon.colcon_core.package_identification:_identify(log) ignored
[0.191s] Level 1:colcon.colcon_core.package_identification:_identify(map) by extensions ['ignore', 'ignore_ament_install']
[0.191s] Level 1:colcon.colcon_core.package_identification:_identify(map) by extension 'ignore'
[0.192s] Level 1:colcon.colcon_core.package_identification:_identify(map) by extension 'ignore_ament_install'
[0.192s] Level 1:colcon.colcon_core.package_identification:_identify(map) by extensions ['colcon_pkg']
[0.192s] Level 1:colcon.colcon_core.package_identification:_identify(map) by extension 'colcon_pkg'
[0.192s] Level 1:colcon.colcon_core.package_identification:_identify(map) by extensions ['colcon_meta']
[0.192s] Level 1:colcon.colcon_core.package_identification:_identify(map) by extension 'colcon_meta'
[0.192s] Level 1:colcon.colcon_core.package_identification:_identify(map) by extensions ['ros']
[0.192s] Level 1:colcon.colcon_core.package_identification:_identify(map) by extension 'ros'
[0.192s] Level 1:colcon.colcon_core.package_identification:_identify(map) by extensions ['cmake', 'python']
[0.192s] Level 1:colcon.colcon_core.package_identification:_identify(map) by extension 'cmake'
[0.192s] Level 1:colcon.colcon_core.package_identification:_identify(map) by extension 'python'
[0.192s] Level 1:colcon.colcon_core.package_identification:_identify(map) by extensions ['python_setup_py']
[0.192s] Level 1:colcon.colcon_core.package_identification:_identify(map) by extension 'python_setup_py'
[0.192s] Level 1:colcon.colcon_core.package_identification:_identify(src) by extensions ['ignore', 'ignore_ament_install']
[0.192s] Level 1:colcon.colcon_core.package_identification:_identify(src) by extension 'ignore'
[0.192s] Level 1:colcon.colcon_core.package_identification:_identify(src) by extension 'ignore_ament_install'
[0.192s] Level 1:colcon.colcon_core.package_identification:_identify(src) by extensions ['colcon_pkg']
[0.192s] Level 1:colcon.colcon_core.package_identification:_identify(src) by extension 'colcon_pkg'
[0.192s] Level 1:colcon.colcon_core.package_identification:_identify(src) by extensions ['colcon_meta']
[0.192s] Level 1:colcon.colcon_core.package_identification:_identify(src) by extension 'colcon_meta'
[0.192s] Level 1:colcon.colcon_core.package_identification:_identify(src) by extensions ['ros']
[0.192s] Level 1:colcon.colcon_core.package_identification:_identify(src) by extension 'ros'
[0.192s] Level 1:colcon.colcon_core.package_identification:_identify(src) by extensions ['cmake', 'python']
[0.192s] Level 1:colcon.colcon_core.package_identification:_identify(src) by extension 'cmake'
[0.192s] Level 1:colcon.colcon_core.package_identification:_identify(src) by extension 'python'
[0.192s] Level 1:colcon.colcon_core.package_identification:_identify(src) by extensions ['python_setup_py']
[0.192s] Level 1:colcon.colcon_core.package_identification:_identify(src) by extension 'python_setup_py'
[0.192s] Level 1:colcon.colcon_core.package_identification:_identify(src/cleaner_msgs) by extensions ['ignore', 'ignore_ament_install']
[0.192s] Level 1:colcon.colcon_core.package_identification:_identify(src/cleaner_msgs) by extension 'ignore'
[0.192s] Level 1:colcon.colcon_core.package_identification:_identify(src/cleaner_msgs) by extension 'ignore_ament_install'
[0.192s] Level 1:colcon.colcon_core.package_identification:_identify(src/cleaner_msgs) by extensions ['colcon_pkg']
[0.192s] Level 1:colcon.colcon_core.package_identification:_identify(src/cleaner_msgs) by extension 'colcon_pkg'
[0.192s] Level 1:colcon.colcon_core.package_identification:_identify(src/cleaner_msgs) by extensions ['colcon_meta']
[0.192s] Level 1:colcon.colcon_core.package_identification:_identify(src/cleaner_msgs) by extension 'colcon_meta'
[0.192s] Level 1:colcon.colcon_core.package_identification:_identify(src/cleaner_msgs) by extensions ['ros']
[0.192s] Level 1:colcon.colcon_core.package_identification:_identify(src/cleaner_msgs) by extension 'ros'
[0.193s] DEBUG:colcon.colcon_core.package_identification:Package 'src/cleaner_msgs' with type 'ros.ament_cmake' and name 'cleaner_msgs'
[0.194s] Level 1:colcon.colcon_core.package_identification:_identify(src/cleaner_system1) by extensions ['ignore', 'ignore_ament_install']
[0.194s] Level 1:colcon.colcon_core.package_identification:_identify(src/cleaner_system1) by extension 'ignore'
[0.194s] Level 1:colcon.colcon_core.package_identification:_identify(src/cleaner_system1) by extension 'ignore_ament_install'
[0.194s] Level 1:colcon.colcon_core.package_identification:_identify(src/cleaner_system1) by extensions ['colcon_pkg']
[0.194s] Level 1:colcon.colcon_core.package_identification:_identify(src/cleaner_system1) by extension 'colcon_pkg'
[0.194s] INFO:colcon.colcon_metadata.metadata.colcon_pkg:Setting type 'ros.ament_python' of package 'src/cleaner_system1' from colcon.pkg
[0.194s] INFO:colcon.colcon_metadata.metadata.colcon_pkg:Setting name 'cleaner_system1' of package 'src/cleaner_system1' from colcon.pkg
[0.194s] DEBUG:colcon.colcon_core.package_identification:Package 'src/cleaner_system1' with type 'ros.ament_python' and name 'cleaner_system1'
[0.194s] Level 1:colcon.colcon_core.package_identification:_identify(src/cleaner_system2) by extensions ['ignore', 'ignore_ament_install']
[0.194s] Level 1:colcon.colcon_core.package_identification:_identify(src/cleaner_system2) by extension 'ignore'
[0.194s] Level 1:colcon.colcon_core.package_identification:_identify(src/cleaner_system2) by extension 'ignore_ament_install'
[0.194s] Level 1:colcon.colcon_core.package_identification:_identify(src/cleaner_system2) by extensions ['colcon_pkg']
[0.194s] Level 1:colcon.colcon_core.package_identification:_identify(src/cleaner_system2) by extension 'colcon_pkg'
[0.194s] Level 1:colcon.colcon_core.package_identification:_identify(src/cleaner_system2) by extensions ['colcon_meta']
[0.194s] Level 1:colcon.colcon_core.package_identification:_identify(src/cleaner_system2) by extension 'colcon_meta'
[0.194s] Level 1:colcon.colcon_core.package_identification:_identify(src/cleaner_system2) by extensions ['ros']
[0.194s] Level 1:colcon.colcon_core.package_identification:_identify(src/cleaner_system2) by extension 'ros'
[0.195s] DEBUG:colcon.colcon_core.package_identification:Package 'src/cleaner_system2' with type 'ros.ament_python' and name 'cleaner_system2'
[0.195s] Level 1:colcon.colcon_core.package_identification:_identify(src/gptapi) by extensions ['ignore', 'ignore_ament_install']
[0.195s] Level 1:colcon.colcon_core.package_identification:_identify(src/gptapi) by extension 'ignore'
[0.195s] Level 1:colcon.colcon_core.package_identification:_identify(src/gptapi) by extension 'ignore_ament_install'
[0.195s] Level 1:colcon.colcon_core.package_identification:_identify(src/gptapi) by extensions ['colcon_pkg']
[0.195s] Level 1:colcon.colcon_core.package_identification:_identify(src/gptapi) by extension 'colcon_pkg'
[0.195s] Level 1:colcon.colcon_core.package_identification:_identify(src/gptapi) by extensions ['colcon_meta']
[0.195s] Level 1:colcon.colcon_core.package_identification:_identify(src/gptapi) by extension 'colcon_meta'
[0.195s] Level 1:colcon.colcon_core.package_identification:_identify(src/gptapi) by extensions ['ros']
[0.195s] Level 1:colcon.colcon_core.package_identification:_identify(src/gptapi) by extension 'ros'
[0.195s] DEBUG:colcon.colcon_core.package_identification:Package 'src/gptapi' with type 'ros.ament_python' and name 'gptapi'
[0.195s] Level 1:colcon.colcon_core.package_identification:_identify(src/usb_cam) by extensions ['ignore', 'ignore_ament_install']
[0.195s] Level 1:colcon.colcon_core.package_identification:_identify(src/usb_cam) by extension 'ignore'
[0.195s] Level 1:colcon.colcon_core.package_identification:_identify(src/usb_cam) by extension 'ignore_ament_install'
[0.195s] Level 1:colcon.colcon_core.package_identification:_identify(src/usb_cam) by extensions ['colcon_pkg']
[0.195s] Level 1:colcon.colcon_core.package_identification:_identify(src/usb_cam) by extension 'colcon_pkg'
[0.195s] Level 1:colcon.colcon_core.package_identification:_identify(src/usb_cam) by extensions ['colcon_meta']
[0.195s] Level 1:colcon.colcon_core.package_identification:_identify(src/usb_cam) by extension 'colcon_meta'
[0.195s] Level 1:colcon.colcon_core.package_identification:_identify(src/usb_cam) by extensions ['ros']
[0.195s] Level 1:colcon.colcon_core.package_identification:_identify(src/usb_cam) by extension 'ros'
[0.196s] DEBUG:colcon.colcon_core.package_identification:Package 'src/usb_cam' with type 'ros.ament_cmake' and name 'usb_cam'
[0.196s] Level 1:colcon.colcon_core.package_identification:_identify(src/vision_context_builder) by extensions ['ignore', 'ignore_ament_install']
[0.196s] Level 1:colcon.colcon_core.package_identification:_identify(src/vision_context_builder) by extension 'ignore'
[0.196s] Level 1:colcon.colcon_core.package_identification:_identify(src/vision_context_builder) by extension 'ignore_ament_install'
[0.196s] Level 1:colcon.colcon_core.package_identification:_identify(src/vision_context_builder) by extensions ['colcon_pkg']
[0.196s] Level 1:colcon.colcon_core.package_identification:_identify(src/vision_context_builder) by extension 'colcon_pkg'
[0.196s] Level 1:colcon.colcon_core.package_identification:_identify(src/vision_context_builder) by extensions ['colcon_meta']
[0.196s] Level 1:colcon.colcon_core.package_identification:_identify(src/vision_context_builder) by extension 'colcon_meta'
[0.196s] Level 1:colcon.colcon_core.package_identification:_identify(src/vision_context_builder) by extensions ['ros']
[0.196s] Level 1:colcon.colcon_core.package_identification:_identify(src/vision_context_builder) by extension 'ros'
[0.197s] DEBUG:colcon.colcon_core.package_identification:Package 'src/vision_context_builder' with type 'ros.ament_python' and name 'vision_context_builder'
[0.197s] Level 1:colcon.colcon_core.package_identification:_identify(src/yolov8_ros) by extensions ['ignore', 'ignore_ament_install']
[0.197s] Level 1:colcon.colcon_core.package_identification:_identify(src/yolov8_ros) by extension 'ignore'
[0.197s] Level 1:colcon.colcon_core.package_identification:_identify(src/yolov8_ros) by extension 'ignore_ament_install'
[0.197s] Level 1:colcon.colcon_core.package_identification:_identify(src/yolov8_ros) by extensions ['colcon_pkg']
[0.197s] Level 1:colcon.colcon_core.package_identification:_identify(src/yolov8_ros) by extension 'colcon_pkg'
[0.197s] Level 1:colcon.colcon_core.package_identification:_identify(src/yolov8_ros) by extensions ['colcon_meta']
[0.197s] Level 1:colcon.colcon_core.package_identification:_identify(src/yolov8_ros) by extension 'colcon_meta'
[0.197s] Level 1:colcon.colcon_core.package_identification:_identify(src/yolov8_ros) by extensions ['ros']
[0.197s] Level 1:colcon.colcon_core.package_identification:_identify(src/yolov8_ros) by extension 'ros'
[0.197s] Level 1:colcon.colcon_core.package_identification:_identify(src/yolov8_ros) by extensions ['cmake', 'python']
[0.197s] Level 1:colcon.colcon_core.package_identification:_identify(src/yolov8_ros) by extension 'cmake'
[0.197s] Level 1:colcon.colcon_core.package_identification:_identify(src/yolov8_ros) by extension 'python'
[0.197s] Level 1:colcon.colcon_core.package_identification:_identify(src/yolov8_ros) by extensions ['python_setup_py']
[0.197s] Level 1:colcon.colcon_core.package_identification:_identify(src/yolov8_ros) by extension 'python_setup_py'
[0.197s] Level 1:colcon.colcon_core.package_identification:_identify(src/yolov8_ros/yolov8_bringup) by extensions ['ignore', 'ignore_ament_install']
[0.197s] Level 1:colcon.colcon_core.package_identification:_identify(src/yolov8_ros/yolov8_bringup) by extension 'ignore'
[0.197s] Level 1:colcon.colcon_core.package_identification:_identify(src/yolov8_ros/yolov8_bringup) by extension 'ignore_ament_install'
[0.197s] Level 1:colcon.colcon_core.package_identification:_identify(src/yolov8_ros/yolov8_bringup) by extensions ['colcon_pkg']
[0.197s] Level 1:colcon.colcon_core.package_identification:_identify(src/yolov8_ros/yolov8_bringup) by extension 'colcon_pkg'
[0.197s] Level 1:colcon.colcon_core.package_identification:_identify(src/yolov8_ros/yolov8_bringup) by extensions ['colcon_meta']
[0.197s] Level 1:colcon.colcon_core.package_identification:_identify(src/yolov8_ros/yolov8_bringup) by extension 'colcon_meta'
[0.197s] Level 1:colcon.colcon_core.package_identification:_identify(src/yolov8_ros/yolov8_bringup) by extensions ['ros']
[0.197s] Level 1:colcon.colcon_core.package_identification:_identify(src/yolov8_ros/yolov8_bringup) by extension 'ros'
[0.198s] DEBUG:colcon.colcon_core.package_identification:Package 'src/yolov8_ros/yolov8_bringup' with type 'ros.ament_cmake' and name 'yolov8_bringup'
[0.198s] Level 1:colcon.colcon_core.package_identification:_identify(src/yolov8_ros/yolov8_msgs) by extensions ['ignore', 'ignore_ament_install']
[0.198s] Level 1:colcon.colcon_core.package_identification:_identify(src/yolov8_ros/yolov8_msgs) by extension 'ignore'
[0.198s] Level 1:colcon.colcon_core.package_identification:_identify(src/yolov8_ros/yolov8_msgs) by extension 'ignore_ament_install'
[0.198s] Level 1:colcon.colcon_core.package_identification:_identify(src/yolov8_ros/yolov8_msgs) by extensions ['colcon_pkg']
[0.198s] Level 1:colcon.colcon_core.package_identification:_identify(src/yolov8_ros/yolov8_msgs) by extension 'colcon_pkg'
[0.198s] Level 1:colcon.colcon_core.package_identification:_identify(src/yolov8_ros/yolov8_msgs) by extensions ['colcon_meta']
[0.198s] Level 1:colcon.colcon_core.package_identification:_identify(src/yolov8_ros/yolov8_msgs) by extension 'colcon_meta'
[0.198s] Level 1:colcon.colcon_core.package_identification:_identify(src/yolov8_ros/yolov8_msgs) by extensions ['ros']
[0.198s] Level 1:colcon.colcon_core.package_identification:_identify(src/yolov8_ros/yolov8_msgs) by extension 'ros'
[0.198s] DEBUG:colcon.colcon_core.package_identification:Package 'src/yolov8_ros/yolov8_msgs' with type 'ros.ament_cmake' and name 'yolov8_msgs'
[0.198s] Level 1:colcon.colcon_core.package_identification:_identify(src/yolov8_ros/yolov8_ros) by extensions ['ignore', 'ignore_ament_install']
[0.198s] Level 1:colcon.colcon_core.package_identification:_identify(src/yolov8_ros/yolov8_ros) by extension 'ignore'
[0.198s] Level 1:colcon.colcon_core.package_identification:_identify(src/yolov8_ros/yolov8_ros) by extension 'ignore_ament_install'
[0.198s] Level 1:colcon.colcon_core.package_identification:_identify(src/yolov8_ros/yolov8_ros) by extensions ['colcon_pkg']
[0.198s] Level 1:colcon.colcon_core.package_identification:_identify(src/yolov8_ros/yolov8_ros) by extension 'colcon_pkg'
[0.198s] Level 1:colcon.colcon_core.package_identification:_identify(src/yolov8_ros/yolov8_ros) by extensions ['colcon_meta']
[0.198s] Level 1:colcon.colcon_core.package_identification:_identify(src/yolov8_ros/yolov8_ros) by extension 'colcon_meta'
[0.199s] Level 1:colcon.colcon_core.package_identification:_identify(src/yolov8_ros/yolov8_ros) by extensions ['ros']
[0.199s] Level 1:colcon.colcon_core.package_identification:_identify(src/yolov8_ros/yolov8_ros) by extension 'ros'
[0.199s] DEBUG:colcon.colcon_core.package_identification:Package 'src/yolov8_ros/yolov8_ros' with type 'ros.ament_python' and name 'yolov8_ros'
[0.199s] Level 1:colcon.colcon_core.package_discovery:discover_packages(recursive) using defaults
[0.199s] Level 1:colcon.colcon_core.package_discovery:discover_packages(ignore) discover
[0.199s] Level 1:colcon.colcon_core.package_discovery:discover_packages(ignore) using defaults
[0.199s] Level 1:colcon.colcon_core.package_discovery:discover_packages(path) discover
[0.199s] Level 1:colcon.colcon_core.package_discovery:discover_packages(path) using defaults
[0.209s] INFO:colcon.colcon_metadata.metadata.colcon_pkg:Updating descriptor of package 'src/cleaner_system1' from colcon.pkg: {'name': 'cleaner_system1', 'type': 'ros.ament_python'}
[0.210s] DEBUG:colcon.colcon_core.package_identification:Failed to parse potential ROS package manifest in'src/cleaner_system1': Error(s) in package 'src/cleaner_system1/package.xml':
The manifest contains invalid XML:
not well-formed (invalid token): line 6, column 86
[0.211s] Level 1:colcon.colcon_core.package_discovery:discover_packages(prefix_path) check parameters
[0.211s] Level 1:colcon.colcon_core.package_discovery:discover_packages(prefix_path) discover
[0.212s] DEBUG:colcon.colcon_installed_package_information.package_discovery:Found 10 installed packages in /home/sunny/cleaner_ws/phyAI_ws/install
[0.214s] DEBUG:colcon.colcon_installed_package_information.package_discovery:Found 451 installed packages in /opt/ros/humble
[0.215s] Level 1:colcon.colcon_core.package_discovery:discover_packages(prefix_path) using defaults
[0.244s] Level 5:colcon.colcon_core.verb:set package 'cleaner_msgs' build argument 'cmake_args' from command line to 'None'
[0.244s] Level 5:colcon.colcon_core.verb:set package 'cleaner_msgs' build argument 'cmake_target' from command line to 'None'
[0.244s] Level 5:colcon.colcon_core.verb:set package 'cleaner_msgs' build argument 'cmake_target_skip_unavailable' from command line to 'False'
[0.244s] Level 5:colcon.colcon_core.verb:set package 'cleaner_msgs' build argument 'cmake_clean_cache' from command line to 'False'
[0.244s] Level 5:colcon.colcon_core.verb:set package 'cleaner_msgs' build argument 'cmake_clean_first' from command line to 'False'
[0.244s] Level 5:colcon.colcon_core.verb:set package 'cleaner_msgs' build argument 'cmake_force_configure' from command line to 'False'
[0.244s] Level 5:colcon.colcon_core.verb:set package 'cleaner_msgs' build argument 'ament_cmake_args' from command line to 'None'
[0.244s] Level 5:colcon.colcon_core.verb:set package 'cleaner_msgs' build argument 'catkin_cmake_args' from command line to 'None'
[0.244s] Level 5:colcon.colcon_core.verb:set package 'cleaner_msgs' build argument 'catkin_skip_building_tests' from command line to 'False'
[0.244s] DEBUG:colcon.colcon_core.verb:Building package 'cleaner_msgs' with the following arguments: {'ament_cmake_args': None, 'build_base': '/home/sunny/cleaner_ws/phyAI_ws/build/cleaner_msgs', 'catkin_cmake_args': None, 'catkin_skip_building_tests': False, 'cmake_args': None, 'cmake_clean_cache': False, 'cmake_clean_first': False, 'cmake_force_configure': False, 'cmake_target': None, 'cmake_target_skip_unavailable': False, 'install_base': '/home/sunny/cleaner_ws/phyAI_ws/install/cleaner_msgs', 'merge_install': False, 'path': '/home/sunny/cleaner_ws/phyAI_ws/src/cleaner_msgs', 'symlink_install': False, 'test_result_base': None}
[0.244s] Level 5:colcon.colcon_core.verb:set package 'cleaner_system1' build argument 'cmake_args' from command line to 'None'
[0.244s] Level 5:colcon.colcon_core.verb:set package 'cleaner_system1' build argument 'cmake_target' from command line to 'None'
[0.244s] Level 5:colcon.colcon_core.verb:set package 'cleaner_system1' build argument 'cmake_target_skip_unavailable' from command line to 'False'
[0.244s] Level 5:colcon.colcon_core.verb:set package 'cleaner_system1' build argument 'cmake_clean_cache' from command line to 'False'
[0.244s] Level 5:colcon.colcon_core.verb:set package 'cleaner_system1' build argument 'cmake_clean_first' from command line to 'False'
[0.244s] Level 5:colcon.colcon_core.verb:set package 'cleaner_system1' build argument 'cmake_force_configure' from command line to 'False'
[0.244s] Level 5:colcon.colcon_core.verb:set package 'cleaner_system1' build argument 'ament_cmake_args' from command line to 'None'
[0.244s] Level 5:colcon.colcon_core.verb:set package 'cleaner_system1' build argument 'catkin_cmake_args' from command line to 'None'
[0.244s] Level 5:colcon.colcon_core.verb:set package 'cleaner_system1' build argument 'catkin_skip_building_tests' from command line to 'False'
[0.245s] DEBUG:colcon.colcon_core.verb:Building package 'cleaner_system1' with the following arguments: {'ament_cmake_args': None, 'build_base': '/home/sunny/cleaner_ws/phyAI_ws/build/cleaner_system1', 'catkin_cmake_args': None, 'catkin_skip_building_tests': False, 'cmake_args': None, 'cmake_clean_cache': False, 'cmake_clean_first': False, 'cmake_force_configure': False, 'cmake_target': None, 'cmake_target_skip_unavailable': False, 'install_base': '/home/sunny/cleaner_ws/phyAI_ws/install/cleaner_system1', 'merge_install': False, 'path': '/home/sunny/cleaner_ws/phyAI_ws/src/cleaner_system1', 'symlink_install': False, 'test_result_base': None}
[0.245s] Level 5:colcon.colcon_core.verb:set package 'cleaner_system2' build argument 'cmake_args' from command line to 'None'
[0.245s] Level 5:colcon.colcon_core.verb:set package 'cleaner_system2' build argument 'cmake_target' from command line to 'None'
[0.245s] Level 5:colcon.colcon_core.verb:set package 'cleaner_system2' build argument 'cmake_target_skip_unavailable' from command line to 'False'
[0.245s] Level 5:colcon.colcon_core.verb:set package 'cleaner_system2' build argument 'cmake_clean_cache' from command line to 'False'
[0.245s] Level 5:colcon.colcon_core.verb:set package 'cleaner_system2' build argument 'cmake_clean_first' from command line to 'False'
[0.245s] Level 5:colcon.colcon_core.verb:set package 'cleaner_system2' build argument 'cmake_force_configure' from command line to 'False'
[0.245s] Level 5:colcon.colcon_core.verb:set package 'cleaner_system2' build argument 'ament_cmake_args' from command line to 'None'
[0.245s] Level 5:colcon.colcon_core.verb:set package 'cleaner_system2' build argument 'catkin_cmake_args' from command line to 'None'
[0.245s] Level 5:colcon.colcon_core.verb:set package 'cleaner_system2' build argument 'catkin_skip_building_tests' from command line to 'False'
[0.245s] DEBUG:colcon.colcon_core.verb:Building package 'cleaner_system2' with the following arguments: {'ament_cmake_args': None, 'build_base': '/home/sunny/cleaner_ws/phyAI_ws/build/cleaner_system2', 'catkin_cmake_args': None, 'catkin_skip_building_tests': False, 'cmake_args': None, 'cmake_clean_cache': False, 'cmake_clean_first': False, 'cmake_force_configure': False, 'cmake_target': None, 'cmake_target_skip_unavailable': False, 'install_base': '/home/sunny/cleaner_ws/phyAI_ws/install/cleaner_system2', 'merge_install': False, 'path': '/home/sunny/cleaner_ws/phyAI_ws/src/cleaner_system2', 'symlink_install': False, 'test_result_base': None}
[0.245s] Level 5:colcon.colcon_core.verb:set package 'gptapi' build argument 'cmake_args' from command line to 'None'
[0.245s] Level 5:colcon.colcon_core.verb:set package 'gptapi' build argument 'cmake_target' from command line to 'None'
[0.245s] Level 5:colcon.colcon_core.verb:set package 'gptapi' build argument 'cmake_target_skip_unavailable' from command line to 'False'
[0.245s] Level 5:colcon.colcon_core.verb:set package 'gptapi' build argument 'cmake_clean_cache' from command line to 'False'
[0.245s] Level 5:colcon.colcon_core.verb:set package 'gptapi' build argument 'cmake_clean_first' from command line to 'False'
[0.245s] Level 5:colcon.colcon_core.verb:set package 'gptapi' build argument 'cmake_force_configure' from command line to 'False'
[0.245s] Level 5:colcon.colcon_core.verb:set package 'gptapi' build argument 'ament_cmake_args' from command line to 'None'
[0.245s] Level 5:colcon.colcon_core.verb:set package 'gptapi' build argument 'catkin_cmake_args' from command line to 'None'
[0.245s] Level 5:colcon.colcon_core.verb:set package 'gptapi' build argument 'catkin_skip_building_tests' from command line to 'False'
[0.245s] DEBUG:colcon.colcon_core.verb:Building package 'gptapi' with the following arguments: {'ament_cmake_args': None, 'build_base': '/home/sunny/cleaner_ws/phyAI_ws/build/gptapi', 'catkin_cmake_args': None, 'catkin_skip_building_tests': False, 'cmake_args': None, 'cmake_clean_cache': False, 'cmake_clean_first': False, 'cmake_force_configure': False, 'cmake_target': None, 'cmake_target_skip_unavailable': False, 'install_base': '/home/sunny/cleaner_ws/phyAI_ws/install/gptapi', 'merge_install': False, 'path': '/home/sunny/cleaner_ws/phyAI_ws/src/gptapi', 'symlink_install': False, 'test_result_base': None}
[0.245s] Level 5:colcon.colcon_core.verb:set package 'usb_cam' build argument 'cmake_args' from command line to 'None'
[0.245s] Level 5:colcon.colcon_core.verb:set package 'usb_cam' build argument 'cmake_target' from command line to 'None'
[0.245s] Level 5:colcon.colcon_core.verb:set package 'usb_cam' build argument 'cmake_target_skip_unavailable' from command line to 'False'
[0.245s] Level 5:colcon.colcon_core.verb:set package 'usb_cam' build argument 'cmake_clean_cache' from command line to 'False'
[0.245s] Level 5:colcon.colcon_core.verb:set package 'usb_cam' build argument 'cmake_clean_first' from command line to 'False'
[0.245s] Level 5:colcon.colcon_core.verb:set package 'usb_cam' build argument 'cmake_force_configure' from command line to 'False'
[0.245s] Level 5:colcon.colcon_core.verb:set package 'usb_cam' build argument 'ament_cmake_args' from command line to 'None'
[0.245s] Level 5:colcon.colcon_core.verb:set package 'usb_cam' build argument 'catkin_cmake_args' from command line to 'None'
[0.245s] Level 5:colcon.colcon_core.verb:set package 'usb_cam' build argument 'catkin_skip_building_tests' from command line to 'False'
[0.245s] DEBUG:colcon.colcon_core.verb:Building package 'usb_cam' with the following arguments: {'ament_cmake_args': None, 'build_base': '/home/sunny/cleaner_ws/phyAI_ws/build/usb_cam', 'catkin_cmake_args': None, 'catkin_skip_building_tests': False, 'cmake_args': None, 'cmake_clean_cache': False, 'cmake_clean_first': False, 'cmake_force_configure': False, 'cmake_target': None, 'cmake_target_skip_unavailable': False, 'install_base': '/home/sunny/cleaner_ws/phyAI_ws/install/usb_cam', 'merge_install': False, 'path': '/home/sunny/cleaner_ws/phyAI_ws/src/usb_cam', 'symlink_install': False, 'test_result_base': None}
[0.245s] Level 5:colcon.colcon_core.verb:set package 'yolov8_msgs' build argument 'cmake_args' from command line to 'None'
[0.245s] Level 5:colcon.colcon_core.verb:set package 'yolov8_msgs' build argument 'cmake_target' from command line to 'None'
[0.245s] Level 5:colcon.colcon_core.verb:set package 'yolov8_msgs' build argument 'cmake_target_skip_unavailable' from command line to 'False'
[0.245s] Level 5:colcon.colcon_core.verb:set package 'yolov8_msgs' build argument 'cmake_clean_cache' from command line to 'False'
[0.245s] Level 5:colcon.colcon_core.verb:set package 'yolov8_msgs' build argument 'cmake_clean_first' from command line to 'False'
[0.245s] Level 5:colcon.colcon_core.verb:set package 'yolov8_msgs' build argument 'cmake_force_configure' from command line to 'False'
[0.245s] Level 5:colcon.colcon_core.verb:set package 'yolov8_msgs' build argument 'ament_cmake_args' from command line to 'None'
[0.245s] Level 5:colcon.colcon_core.verb:set package 'yolov8_msgs' build argument 'catkin_cmake_args' from command line to 'None'
[0.245s] Level 5:colcon.colcon_core.verb:set package 'yolov8_msgs' build argument 'catkin_skip_building_tests' from command line to 'False'
[0.245s] DEBUG:colcon.colcon_core.verb:Building package 'yolov8_msgs' with the following arguments: {'ament_cmake_args': None, 'build_base': '/home/sunny/cleaner_ws/phyAI_ws/build/yolov8_msgs', 'catkin_cmake_args': None, 'catkin_skip_building_tests': False, 'cmake_args': None, 'cmake_clean_cache': False, 'cmake_clean_first': False, 'cmake_force_configure': False, 'cmake_target': None, 'cmake_target_skip_unavailable': False, 'install_base': '/home/sunny/cleaner_ws/phyAI_ws/install/yolov8_msgs', 'merge_install': False, 'path': '/home/sunny/cleaner_ws/phyAI_ws/src/yolov8_ros/yolov8_msgs', 'symlink_install': False, 'test_result_base': None}
[0.246s] Level 5:colcon.colcon_core.verb:set package 'yolov8_ros' build argument 'cmake_args' from command line to 'None'
[0.246s] Level 5:colcon.colcon_core.verb:set package 'yolov8_ros' build argument 'cmake_target' from command line to 'None'
[0.246s] Level 5:colcon.colcon_core.verb:set package 'yolov8_ros' build argument 'cmake_target_skip_unavailable' from command line to 'False'
[0.246s] Level 5:colcon.colcon_core.verb:set package 'yolov8_ros' build argument 'cmake_clean_cache' from command line to 'False'
[0.246s] Level 5:colcon.colcon_core.verb:set package 'yolov8_ros' build argument 'cmake_clean_first' from command line to 'False'
[0.246s] Level 5:colcon.colcon_core.verb:set package 'yolov8_ros' build argument 'cmake_force_configure' from command line to 'False'
[0.246s] Level 5:colcon.colcon_core.verb:set package 'yolov8_ros' build argument 'ament_cmake_args' from command line to 'None'
[0.246s] Level 5:colcon.colcon_core.verb:set package 'yolov8_ros' build argument 'catkin_cmake_args' from command line to 'None'
[0.246s] Level 5:colcon.colcon_core.verb:set package 'yolov8_ros' build argument 'catkin_skip_building_tests' from command line to 'False'
[0.246s] DEBUG:colcon.colcon_core.verb:Building package 'yolov8_ros' with the following arguments: {'ament_cmake_args': None, 'build_base': '/home/sunny/cleaner_ws/phyAI_ws/build/yolov8_ros', 'catkin_cmake_args': None, 'catkin_skip_building_tests': False, 'cmake_args': None, 'cmake_clean_cache': False, 'cmake_clean_first': False, 'cmake_force_configure': False, 'cmake_target': None, 'cmake_target_skip_unavailable': False, 'install_base': '/home/sunny/cleaner_ws/phyAI_ws/install/yolov8_ros', 'merge_install': False, 'path': '/home/sunny/cleaner_ws/phyAI_ws/src/yolov8_ros/yolov8_ros', 'symlink_install': False, 'test_result_base': None}
[0.246s] Level 5:colcon.colcon_core.verb:set package 'vision_context_builder' build argument 'cmake_args' from command line to 'None'
[0.246s] Level 5:colcon.colcon_core.verb:set package 'vision_context_builder' build argument 'cmake_target' from command line to 'None'
[0.246s] Level 5:colcon.colcon_core.verb:set package 'vision_context_builder' build argument 'cmake_target_skip_unavailable' from command line to 'False'
[0.246s] Level 5:colcon.colcon_core.verb:set package 'vision_context_builder' build argument 'cmake_clean_cache' from command line to 'False'
[0.246s] Level 5:colcon.colcon_core.verb:set package 'vision_context_builder' build argument 'cmake_clean_first' from command line to 'False'
[0.246s] Level 5:colcon.colcon_core.verb:set package 'vision_context_builder' build argument 'cmake_force_configure' from command line to 'False'
[0.246s] Level 5:colcon.colcon_core.verb:set package 'vision_context_builder' build argument 'ament_cmake_args' from command line to 'None'
[0.246s] Level 5:colcon.colcon_core.verb:set package 'vision_context_builder' build argument 'catkin_cmake_args' from command line to 'None'
[0.246s] Level 5:colcon.colcon_core.verb:set package 'vision_context_builder' build argument 'catkin_skip_building_tests' from command line to 'False'
[0.246s] DEBUG:colcon.colcon_core.verb:Building package 'vision_context_builder' with the following arguments: {'ament_cmake_args': None, 'build_base': '/home/sunny/cleaner_ws/phyAI_ws/build/vision_context_builder', 'catkin_cmake_args': None, 'catkin_skip_building_tests': False, 'cmake_args': None, 'cmake_clean_cache': False, 'cmake_clean_first': False, 'cmake_force_configure': False, 'cmake_target': None, 'cmake_target_skip_unavailable': False, 'install_base': '/home/sunny/cleaner_ws/phyAI_ws/install/vision_context_builder', 'merge_install': False, 'path': '/home/sunny/cleaner_ws/phyAI_ws/src/vision_context_builder', 'symlink_install': False, 'test_result_base': None}
[0.246s] Level 5:colcon.colcon_core.verb:set package 'yolov8_bringup' build argument 'cmake_args' from command line to 'None'
[0.246s] Level 5:colcon.colcon_core.verb:set package 'yolov8_bringup' build argument 'cmake_target' from command line to 'None'
[0.246s] Level 5:colcon.colcon_core.verb:set package 'yolov8_bringup' build argument 'cmake_target_skip_unavailable' from command line to 'False'
[0.246s] Level 5:colcon.colcon_core.verb:set package 'yolov8_bringup' build argument 'cmake_clean_cache' from command line to 'False'
[0.246s] Level 5:colcon.colcon_core.verb:set package 'yolov8_bringup' build argument 'cmake_clean_first' from command line to 'False'
[0.246s] Level 5:colcon.colcon_core.verb:set package 'yolov8_bringup' build argument 'cmake_force_configure' from command line to 'False'
[0.246s] Level 5:colcon.colcon_core.verb:set package 'yolov8_bringup' build argument 'ament_cmake_args' from command line to 'None'
[0.246s] Level 5:colcon.colcon_core.verb:set package 'yolov8_bringup' build argument 'catkin_cmake_args' from command line to 'None'
[0.246s] Level 5:colcon.colcon_core.verb:set package 'yolov8_bringup' build argument 'catkin_skip_building_tests' from command line to 'False'
[0.246s] DEBUG:colcon.colcon_core.verb:Building package 'yolov8_bringup' with the following arguments: {'ament_cmake_args': None, 'build_base': '/home/sunny/cleaner_ws/phyAI_ws/build/yolov8_bringup', 'catkin_cmake_args': None, 'catkin_skip_building_tests': False, 'cmake_args': None, 'cmake_clean_cache': False, 'cmake_clean_first': False, 'cmake_force_configure': False, 'cmake_target': None, 'cmake_target_skip_unavailable': False, 'install_base': '/home/sunny/cleaner_ws/phyAI_ws/install/yolov8_bringup', 'merge_install': False, 'path': '/home/sunny/cleaner_ws/phyAI_ws/src/yolov8_ros/yolov8_bringup', 'symlink_install': False, 'test_result_base': None}
[0.246s] INFO:colcon.colcon_core.executor:Executing jobs using 'parallel' executor
[0.247s] DEBUG:colcon.colcon_parallel_executor.executor.parallel:run_until_complete
[0.247s] INFO:colcon.colcon_ros.task.ament_cmake.build:Building ROS package in '/home/sunny/cleaner_ws/phyAI_ws/src/yolov8_ros/yolov8_msgs' with build type 'ament_cmake'
[0.247s] INFO:colcon.colcon_cmake.task.cmake.build:Building CMake package in '/home/sunny/cleaner_ws/phyAI_ws/src/yolov8_ros/yolov8_msgs'
[0.249s] INFO:colcon.colcon_core.plugin_system:Skipping extension 'colcon_core.shell.bat': Not used on non-Windows systems
[0.249s] INFO:colcon.colcon_core.shell:Skip shell extension 'powershell' for command environment: Not usable outside of PowerShell
[0.249s] DEBUG:colcon.colcon_core.shell:Skip shell extension 'dsv' for command environment
[0.252s] INFO:colcon.colcon_ros.task.ament_python.build:Building ROS package in '/home/sunny/cleaner_ws/phyAI_ws/src/yolov8_ros/yolov8_ros' with build type 'ament_python'
[0.252s] Level 1:colcon.colcon_core.shell:create_environment_hook('yolov8_ros', 'ament_prefix_path')
[0.252s] INFO:colcon.colcon_core.shell:Creating environment hook '/home/sunny/cleaner_ws/phyAI_ws/install/yolov8_ros/share/yolov8_ros/hook/ament_prefix_path.ps1'
[0.253s] INFO:colcon.colcon_core.shell:Creating environment descriptor '/home/sunny/cleaner_ws/phyAI_ws/install/yolov8_ros/share/yolov8_ros/hook/ament_prefix_path.dsv'
[0.253s] INFO:colcon.colcon_core.shell:Creating environment hook '/home/sunny/cleaner_ws/phyAI_ws/install/yolov8_ros/share/yolov8_ros/hook/ament_prefix_path.sh'
[0.254s] INFO:colcon.colcon_core.shell:Skip shell extension 'powershell' for command environment: Not usable outside of PowerShell
[0.254s] DEBUG:colcon.colcon_core.shell:Skip shell extension 'dsv' for command environment
[0.257s] INFO:colcon.colcon_ros.task.ament_cmake.build:Building ROS package in '/home/sunny/cleaner_ws/phyAI_ws/src/cleaner_msgs' with build type 'ament_cmake'
[0.257s] INFO:colcon.colcon_cmake.task.cmake.build:Building CMake package in '/home/sunny/cleaner_ws/phyAI_ws/src/cleaner_msgs'
[0.257s] INFO:colcon.colcon_core.shell:Skip shell extension 'powershell' for command environment: Not usable outside of PowerShell
[0.257s] DEBUG:colcon.colcon_core.shell:Skip shell extension 'dsv' for command environment
[0.260s] INFO:colcon.colcon_ros.task.ament_python.build:Building ROS package in '/home/sunny/cleaner_ws/phyAI_ws/src/cleaner_system1' with build type 'ament_python'
[0.261s] Level 1:colcon.colcon_core.shell:create_environment_hook('cleaner_system1', 'ament_prefix_path')
[0.261s] INFO:colcon.colcon_core.shell:Creating environment hook '/home/sunny/cleaner_ws/phyAI_ws/install/cleaner_system1/share/cleaner_system1/hook/ament_prefix_path.ps1'
[0.262s] INFO:colcon.colcon_core.shell:Creating environment descriptor '/home/sunny/cleaner_ws/phyAI_ws/install/cleaner_system1/share/cleaner_system1/hook/ament_prefix_path.dsv'
[0.262s] INFO:colcon.colcon_core.shell:Creating environment hook '/home/sunny/cleaner_ws/phyAI_ws/install/cleaner_system1/share/cleaner_system1/hook/ament_prefix_path.sh'
[0.262s] INFO:colcon.colcon_core.shell:Skip shell extension 'powershell' for command environment: Not usable outside of PowerShell
[0.262s] DEBUG:colcon.colcon_core.shell:Skip shell extension 'dsv' for command environment
[0.265s] INFO:colcon.colcon_ros.task.ament_python.build:Building ROS package in '/home/sunny/cleaner_ws/phyAI_ws/src/cleaner_system2' with build type 'ament_python'
[0.265s] Level 1:colcon.colcon_core.shell:create_environment_hook('cleaner_system2', 'ament_prefix_path')
[0.265s] INFO:colcon.colcon_core.shell:Creating environment hook '/home/sunny/cleaner_ws/phyAI_ws/install/cleaner_system2/share/cleaner_system2/hook/ament_prefix_path.ps1'
[0.265s] INFO:colcon.colcon_core.shell:Creating environment descriptor '/home/sunny/cleaner_ws/phyAI_ws/install/cleaner_system2/share/cleaner_system2/hook/ament_prefix_path.dsv'
[0.266s] INFO:colcon.colcon_core.shell:Creating environment hook '/home/sunny/cleaner_ws/phyAI_ws/install/cleaner_system2/share/cleaner_system2/hook/ament_prefix_path.sh'
[0.266s] INFO:colcon.colcon_core.shell:Skip shell extension 'powershell' for command environment: Not usable outside of PowerShell
[0.266s] DEBUG:colcon.colcon_core.shell:Skip shell extension 'dsv' for command environment
[0.270s] INFO:colcon.colcon_ros.task.ament_python.build:Building ROS package in '/home/sunny/cleaner_ws/phyAI_ws/src/gptapi' with build type 'ament_python'
[0.270s] Level 1:colcon.colcon_core.shell:create_environment_hook('gptapi', 'ament_prefix_path')
[0.270s] INFO:colcon.colcon_core.shell:Creating environment hook '/home/sunny/cleaner_ws/phyAI_ws/install/gptapi/share/gptapi/hook/ament_prefix_path.ps1'
[0.270s] INFO:colcon.colcon_core.shell:Creating environment descriptor '/home/sunny/cleaner_ws/phyAI_ws/install/gptapi/share/gptapi/hook/ament_prefix_path.dsv'
[0.270s] INFO:colcon.colcon_core.shell:Creating environment hook '/home/sunny/cleaner_ws/phyAI_ws/install/gptapi/share/gptapi/hook/ament_prefix_path.sh'
[0.271s] INFO:colcon.colcon_core.shell:Skip shell extension 'powershell' for command environment: Not usable outside of PowerShell
[0.271s] DEBUG:colcon.colcon_core.shell:Skip shell extension 'dsv' for command environment
[0.274s] INFO:colcon.colcon_ros.task.ament_cmake.build:Building ROS package in '/home/sunny/cleaner_ws/phyAI_ws/src/usb_cam' with build type 'ament_cmake'
[0.274s] INFO:colcon.colcon_cmake.task.cmake.build:Building CMake package in '/home/sunny/cleaner_ws/phyAI_ws/src/usb_cam'
[0.274s] INFO:colcon.colcon_core.shell:Skip shell extension 'powershell' for command environment: Not usable outside of PowerShell
[0.274s] DEBUG:colcon.colcon_core.shell:Skip shell extension 'dsv' for command environment
[0.281s] DEBUG:colcon.colcon_core.event_handler.log_command:Invoking command in '/home/sunny/cleaner_ws/phyAI_ws/build/yolov8_msgs': CMAKE_PREFIX_PATH=${CMAKE_PREFIX_PATH}:/home/sunny/cleaner_ws/phyAI_ws/install/yolov8_ros:/home/sunny/cleaner_ws/phyAI_ws/install/vision_context_builder:/home/sunny/cleaner_ws/phyAI_ws/install/gptapi:/home/sunny/cleaner_ws/phyAI_ws/install/cleaner_system2:/home/sunny/cleaner_ws/phyAI_ws/install/cleaner_system1:/opt/ros/humble /usr/bin/cmake --build /home/sunny/cleaner_ws/phyAI_ws/build/yolov8_msgs -- -j16 -l16
[0.466s] INFO:colcon.colcon_core.task.python.build:Building Python package in '/home/sunny/cleaner_ws/phyAI_ws/src/yolov8_ros/yolov8_ros'
[0.466s] INFO:colcon.colcon_core.shell:Skip shell extension 'powershell' for command environment: Not usable outside of PowerShell
[0.466s] DEBUG:colcon.colcon_core.shell:Skip shell extension 'dsv' for command environment
[0.473s] DEBUG:colcon.colcon_core.event_handler.log_command:Invoking command in '/home/sunny/cleaner_ws/phyAI_ws/build/cleaner_msgs': CMAKE_PREFIX_PATH=${CMAKE_PREFIX_PATH}:/home/sunny/cleaner_ws/phyAI_ws/install/yolov8_ros:/home/sunny/cleaner_ws/phyAI_ws/install/vision_context_builder:/home/sunny/cleaner_ws/phyAI_ws/install/gptapi:/home/sunny/cleaner_ws/phyAI_ws/install/cleaner_system2:/home/sunny/cleaner_ws/phyAI_ws/install/cleaner_system1:/opt/ros/humble /usr/bin/cmake --build /home/sunny/cleaner_ws/phyAI_ws/build/cleaner_msgs -- -j16 -l16
[0.665s] INFO:colcon.colcon_core.task.python.build:Building Python package in '/home/sunny/cleaner_ws/phyAI_ws/src/cleaner_system1'
[0.666s] INFO:colcon.colcon_core.shell:Skip shell extension 'powershell' for command environment: Not usable outside of PowerShell
[0.666s] DEBUG:colcon.colcon_core.shell:Skip shell extension 'dsv' for command environment
[0.857s] INFO:colcon.colcon_core.task.python.build:Building Python package in '/home/sunny/cleaner_ws/phyAI_ws/src/cleaner_system2'
[0.858s] INFO:colcon.colcon_core.shell:Skip shell extension 'powershell' for command environment: Not usable outside of PowerShell
[0.858s] DEBUG:colcon.colcon_core.shell:Skip shell extension 'dsv' for command environment
[1.041s] INFO:colcon.colcon_core.task.python.build:Building Python package in '/home/sunny/cleaner_ws/phyAI_ws/src/gptapi'
[1.041s] INFO:colcon.colcon_core.shell:Skip shell extension 'powershell' for command environment: Not usable outside of PowerShell
[1.041s] DEBUG:colcon.colcon_core.shell:Skip shell extension 'dsv' for command environment
[1.050s] DEBUG:colcon.colcon_core.event_handler.log_command:Invoked command in '/home/sunny/cleaner_ws/phyAI_ws/build/cleaner_msgs' returned '0': CMAKE_PREFIX_PATH=${CMAKE_PREFIX_PATH}:/home/sunny/cleaner_ws/phyAI_ws/install/yolov8_ros:/home/sunny/cleaner_ws/phyAI_ws/install/vision_context_builder:/home/sunny/cleaner_ws/phyAI_ws/install/gptapi:/home/sunny/cleaner_ws/phyAI_ws/install/cleaner_system2:/home/sunny/cleaner_ws/phyAI_ws/install/cleaner_system1:/opt/ros/humble /usr/bin/cmake --build /home/sunny/cleaner_ws/phyAI_ws/build/cleaner_msgs -- -j16 -l16
[1.056s] DEBUG:colcon.colcon_core.event_handler.log_command:Invoking command in '/home/sunny/cleaner_ws/phyAI_ws/build/cleaner_msgs': CMAKE_PREFIX_PATH=${CMAKE_PREFIX_PATH}:/home/sunny/cleaner_ws/phyAI_ws/install/yolov8_ros:/home/sunny/cleaner_ws/phyAI_ws/install/vision_context_builder:/home/sunny/cleaner_ws/phyAI_ws/install/gptapi:/home/sunny/cleaner_ws/phyAI_ws/install/cleaner_system2:/home/sunny/cleaner_ws/phyAI_ws/install/cleaner_system1:/opt/ros/humble /usr/bin/cmake --install /home/sunny/cleaner_ws/phyAI_ws/build/cleaner_msgs
[1.060s] DEBUG:colcon.colcon_core.event_handler.log_command:Invoking command in '/home/sunny/cleaner_ws/phyAI_ws/build/usb_cam': CMAKE_PREFIX_PATH=${CMAKE_PREFIX_PATH}:/home/sunny/cleaner_ws/phyAI_ws/install/yolov8_ros:/home/sunny/cleaner_ws/phyAI_ws/install/vision_context_builder:/home/sunny/cleaner_ws/phyAI_ws/install/gptapi:/home/sunny/cleaner_ws/phyAI_ws/install/cleaner_system2:/home/sunny/cleaner_ws/phyAI_ws/install/cleaner_system1:/opt/ros/humble /usr/bin/cmake --build /home/sunny/cleaner_ws/phyAI_ws/build/usb_cam -- -j16 -l16
[1.060s] DEBUG:colcon.colcon_core.event_handler.log_command:Invoked command in '/home/sunny/cleaner_ws/phyAI_ws/build/yolov8_msgs' returned '0': CMAKE_PREFIX_PATH=${CMAKE_PREFIX_PATH}:/home/sunny/cleaner_ws/phyAI_ws/install/yolov8_ros:/home/sunny/cleaner_ws/phyAI_ws/install/vision_context_builder:/home/sunny/cleaner_ws/phyAI_ws/install/gptapi:/home/sunny/cleaner_ws/phyAI_ws/install/cleaner_system2:/home/sunny/cleaner_ws/phyAI_ws/install/cleaner_system1:/opt/ros/humble /usr/bin/cmake --build /home/sunny/cleaner_ws/phyAI_ws/build/yolov8_msgs -- -j16 -l16
[1.061s] DEBUG:colcon.colcon_core.event_handler.log_command:Invoking command in '/home/sunny/cleaner_ws/phyAI_ws/build/yolov8_msgs': CMAKE_PREFIX_PATH=${CMAKE_PREFIX_PATH}:/home/sunny/cleaner_ws/phyAI_ws/install/yolov8_ros:/home/sunny/cleaner_ws/phyAI_ws/install/vision_context_builder:/home/sunny/cleaner_ws/phyAI_ws/install/gptapi:/home/sunny/cleaner_ws/phyAI_ws/install/cleaner_system2:/home/sunny/cleaner_ws/phyAI_ws/install/cleaner_system1:/opt/ros/humble /usr/bin/cmake --install /home/sunny/cleaner_ws/phyAI_ws/build/yolov8_msgs
[1.107s] Level 1:colcon.colcon_core.environment:create_environment_scripts_only(cleaner_msgs)
[1.108s] DEBUG:colcon.colcon_core.event_handler.log_command:Invoked command in '/home/sunny/cleaner_ws/phyAI_ws/build/cleaner_msgs' returned '0': CMAKE_PREFIX_PATH=${CMAKE_PREFIX_PATH}:/home/sunny/cleaner_ws/phyAI_ws/install/yolov8_ros:/home/sunny/cleaner_ws/phyAI_ws/install/vision_context_builder:/home/sunny/cleaner_ws/phyAI_ws/install/gptapi:/home/sunny/cleaner_ws/phyAI_ws/install/cleaner_system2:/home/sunny/cleaner_ws/phyAI_ws/install/cleaner_system1:/opt/ros/humble /usr/bin/cmake --install /home/sunny/cleaner_ws/phyAI_ws/build/cleaner_msgs
[1.110s] Level 1:colcon.colcon_core.environment:checking '/home/sunny/cleaner_ws/phyAI_ws/install/cleaner_msgs' for CMake module files
[1.110s] Level 1:colcon.colcon_core.environment:checking '/home/sunny/cleaner_ws/phyAI_ws/install/cleaner_msgs' for CMake config files
[1.111s] Level 1:colcon.colcon_core.shell:create_environment_hook('cleaner_msgs', 'cmake_prefix_path')
[1.111s] INFO:colcon.colcon_core.shell:Creating environment hook '/home/sunny/cleaner_ws/phyAI_ws/install/cleaner_msgs/share/cleaner_msgs/hook/cmake_prefix_path.ps1'
[1.112s] INFO:colcon.colcon_core.shell:Creating environment descriptor '/home/sunny/cleaner_ws/phyAI_ws/install/cleaner_msgs/share/cleaner_msgs/hook/cmake_prefix_path.dsv'
[1.112s] INFO:colcon.colcon_core.shell:Creating environment hook '/home/sunny/cleaner_ws/phyAI_ws/install/cleaner_msgs/share/cleaner_msgs/hook/cmake_prefix_path.sh'
[1.113s] Level 1:colcon.colcon_core.environment:checking '/home/sunny/cleaner_ws/phyAI_ws/install/cleaner_msgs/lib'
[1.113s] Level 1:colcon.colcon_core.shell:create_environment_hook('cleaner_msgs', 'ld_library_path_lib')
[1.113s] INFO:colcon.colcon_core.shell:Creating environment hook '/home/sunny/cleaner_ws/phyAI_ws/install/cleaner_msgs/share/cleaner_msgs/hook/ld_library_path_lib.ps1'
[1.114s] INFO:colcon.colcon_core.shell:Creating environment descriptor '/home/sunny/cleaner_ws/phyAI_ws/install/cleaner_msgs/share/cleaner_msgs/hook/ld_library_path_lib.dsv'
[1.114s] INFO:colcon.colcon_core.shell:Creating environment hook '/home/sunny/cleaner_ws/phyAI_ws/install/cleaner_msgs/share/cleaner_msgs/hook/ld_library_path_lib.sh'
[1.115s] Level 1:colcon.colcon_core.environment:checking '/home/sunny/cleaner_ws/phyAI_ws/install/cleaner_msgs/bin'
[1.115s] Level 1:colcon.colcon_core.environment:checking '/home/sunny/cleaner_ws/phyAI_ws/install/cleaner_msgs/lib/pkgconfig/cleaner_msgs.pc'
[1.115s] Level 1:colcon.colcon_core.environment:checking '/home/sunny/cleaner_ws/phyAI_ws/install/cleaner_msgs/lib/python3.10/site-packages'
[1.115s] Level 1:colcon.colcon_core.environment:checking '/home/sunny/cleaner_ws/phyAI_ws/install/cleaner_msgs/bin'
[1.115s] INFO:colcon.colcon_core.shell:Creating package script '/home/sunny/cleaner_ws/phyAI_ws/install/cleaner_msgs/share/cleaner_msgs/package.ps1'
[1.117s] INFO:colcon.colcon_core.shell:Creating package descriptor '/home/sunny/cleaner_ws/phyAI_ws/install/cleaner_msgs/share/cleaner_msgs/package.dsv'
[1.118s] INFO:colcon.colcon_core.shell:Creating package script '/home/sunny/cleaner_ws/phyAI_ws/install/cleaner_msgs/share/cleaner_msgs/package.sh'
[1.119s] INFO:colcon.colcon_core.shell:Creating package script '/home/sunny/cleaner_ws/phyAI_ws/install/cleaner_msgs/share/cleaner_msgs/package.bash'
[1.120s] INFO:colcon.colcon_core.shell:Creating package script '/home/sunny/cleaner_ws/phyAI_ws/install/cleaner_msgs/share/cleaner_msgs/package.zsh'
[1.121s] Level 1:colcon.colcon_core.environment:create_file_with_runtime_dependencies(/home/sunny/cleaner_ws/phyAI_ws/install/cleaner_msgs/share/colcon-core/packages/cleaner_msgs)
[1.122s] Level 1:colcon.colcon_core.environment:create_environment_scripts_only(cleaner_msgs)
[1.122s] Level 1:colcon.colcon_core.environment:checking '/home/sunny/cleaner_ws/phyAI_ws/install/cleaner_msgs' for CMake module files
[1.123s] Level 1:colcon.colcon_core.environment:checking '/home/sunny/cleaner_ws/phyAI_ws/install/cleaner_msgs' for CMake config files
[1.126s] Level 1:colcon.colcon_core.shell:create_environment_hook('cleaner_msgs', 'cmake_prefix_path')
[1.126s] INFO:colcon.colcon_core.shell:Creating environment hook '/home/sunny/cleaner_ws/phyAI_ws/install/cleaner_msgs/share/cleaner_msgs/hook/cmake_prefix_path.ps1'
[1.127s] INFO:colcon.colcon_core.shell:Creating environment descriptor '/home/sunny/cleaner_ws/phyAI_ws/install/cleaner_msgs/share/cleaner_msgs/hook/cmake_prefix_path.dsv'
[1.127s] INFO:colcon.colcon_core.shell:Creating environment hook '/home/sunny/cleaner_ws/phyAI_ws/install/cleaner_msgs/share/cleaner_msgs/hook/cmake_prefix_path.sh'
[1.128s] Level 1:colcon.colcon_core.environment:checking '/home/sunny/cleaner_ws/phyAI_ws/install/cleaner_msgs/lib'
[1.128s] Level 1:colcon.colcon_core.shell:create_environment_hook('cleaner_msgs', 'ld_library_path_lib')
[1.128s] INFO:colcon.colcon_core.shell:Creating environment hook '/home/sunny/cleaner_ws/phyAI_ws/install/cleaner_msgs/share/cleaner_msgs/hook/ld_library_path_lib.ps1'
[1.129s] INFO:colcon.colcon_core.shell:Creating environment descriptor '/home/sunny/cleaner_ws/phyAI_ws/install/cleaner_msgs/share/cleaner_msgs/hook/ld_library_path_lib.dsv'
[1.129s] INFO:colcon.colcon_core.shell:Creating environment hook '/home/sunny/cleaner_ws/phyAI_ws/install/cleaner_msgs/share/cleaner_msgs/hook/ld_library_path_lib.sh'
[1.129s] Level 1:colcon.colcon_core.environment:checking '/home/sunny/cleaner_ws/phyAI_ws/install/cleaner_msgs/bin'
[1.129s] Level 1:colcon.colcon_core.environment:checking '/home/sunny/cleaner_ws/phyAI_ws/install/cleaner_msgs/lib/pkgconfig/cleaner_msgs.pc'
[1.130s] Level 1:colcon.colcon_core.environment:checking '/home/sunny/cleaner_ws/phyAI_ws/install/cleaner_msgs/lib/python3.10/site-packages'
[1.130s] Level 1:colcon.colcon_core.environment:checking '/home/sunny/cleaner_ws/phyAI_ws/install/cleaner_msgs/bin'
[1.130s] INFO:colcon.colcon_core.shell:Creating package script '/home/sunny/cleaner_ws/phyAI_ws/install/cleaner_msgs/share/cleaner_msgs/package.ps1'
[1.131s] INFO:colcon.colcon_core.shell:Creating package descriptor '/home/sunny/cleaner_ws/phyAI_ws/install/cleaner_msgs/share/cleaner_msgs/package.dsv'
[1.132s] INFO:colcon.colcon_core.shell:Creating package script '/home/sunny/cleaner_ws/phyAI_ws/install/cleaner_msgs/share/cleaner_msgs/package.sh'
[1.132s] INFO:colcon.colcon_core.shell:Creating package script '/home/sunny/cleaner_ws/phyAI_ws/install/cleaner_msgs/share/cleaner_msgs/package.bash'
[1.132s] INFO:colcon.colcon_core.shell:Creating package script '/home/sunny/cleaner_ws/phyAI_ws/install/cleaner_msgs/share/cleaner_msgs/package.zsh'
[1.133s] Level 1:colcon.colcon_core.environment:create_file_with_runtime_dependencies(/home/sunny/cleaner_ws/phyAI_ws/install/cleaner_msgs/share/colcon-core/packages/cleaner_msgs)
[1.134s] Level 1:colcon.colcon_core.environment:create_environment_scripts_only(yolov8_msgs)
[1.134s] Level 1:colcon.colcon_core.environment:checking '/home/sunny/cleaner_ws/phyAI_ws/install/yolov8_msgs' for CMake module files
[1.135s] DEBUG:colcon.colcon_core.event_handler.log_command:Invoked command in '/home/sunny/cleaner_ws/phyAI_ws/build/yolov8_msgs' returned '0': CMAKE_PREFIX_PATH=${CMAKE_PREFIX_PATH}:/home/sunny/cleaner_ws/phyAI_ws/install/yolov8_ros:/home/sunny/cleaner_ws/phyAI_ws/install/vision_context_builder:/home/sunny/cleaner_ws/phyAI_ws/install/gptapi:/home/sunny/cleaner_ws/phyAI_ws/install/cleaner_system2:/home/sunny/cleaner_ws/phyAI_ws/install/cleaner_system1:/opt/ros/humble /usr/bin/cmake --install /home/sunny/cleaner_ws/phyAI_ws/build/yolov8_msgs
[1.135s] Level 1:colcon.colcon_core.environment:checking '/home/sunny/cleaner_ws/phyAI_ws/install/yolov8_msgs' for CMake config files
[1.136s] Level 1:colcon.colcon_core.shell:create_environment_hook('yolov8_msgs', 'cmake_prefix_path')
[1.136s] INFO:colcon.colcon_core.shell:Creating environment hook '/home/sunny/cleaner_ws/phyAI_ws/install/yolov8_msgs/share/yolov8_msgs/hook/cmake_prefix_path.ps1'
[1.137s] INFO:colcon.colcon_core.shell:Creating environment descriptor '/home/sunny/cleaner_ws/phyAI_ws/install/yolov8_msgs/share/yolov8_msgs/hook/cmake_prefix_path.dsv'
[1.137s] INFO:colcon.colcon_core.shell:Creating environment hook '/home/sunny/cleaner_ws/phyAI_ws/install/yolov8_msgs/share/yolov8_msgs/hook/cmake_prefix_path.sh'
[1.138s] Level 1:colcon.colcon_core.environment:checking '/home/sunny/cleaner_ws/phyAI_ws/install/yolov8_msgs/lib'
[1.138s] Level 1:colcon.colcon_core.shell:create_environment_hook('yolov8_msgs', 'ld_library_path_lib')
[1.138s] INFO:colcon.colcon_core.shell:Creating environment hook '/home/sunny/cleaner_ws/phyAI_ws/install/yolov8_msgs/share/yolov8_msgs/hook/ld_library_path_lib.ps1'
[1.138s] INFO:colcon.colcon_core.shell:Creating environment descriptor '/home/sunny/cleaner_ws/phyAI_ws/install/yolov8_msgs/share/yolov8_msgs/hook/ld_library_path_lib.dsv'
[1.139s] INFO:colcon.colcon_core.shell:Creating environment hook '/home/sunny/cleaner_ws/phyAI_ws/install/yolov8_msgs/share/yolov8_msgs/hook/ld_library_path_lib.sh'
[1.139s] Level 1:colcon.colcon_core.environment:checking '/home/sunny/cleaner_ws/phyAI_ws/install/yolov8_msgs/bin'
[1.139s] Level 1:colcon.colcon_core.environment:checking '/home/sunny/cleaner_ws/phyAI_ws/install/yolov8_msgs/lib/pkgconfig/yolov8_msgs.pc'
[1.139s] Level 1:colcon.colcon_core.environment:checking '/home/sunny/cleaner_ws/phyAI_ws/install/yolov8_msgs/lib/python3.10/site-packages'
[1.139s] Level 1:colcon.colcon_core.environment:checking '/home/sunny/cleaner_ws/phyAI_ws/install/yolov8_msgs/bin'
[1.140s] INFO:colcon.colcon_core.shell:Creating package script '/home/sunny/cleaner_ws/phyAI_ws/install/yolov8_msgs/share/yolov8_msgs/package.ps1'
[1.140s] INFO:colcon.colcon_core.shell:Creating package descriptor '/home/sunny/cleaner_ws/phyAI_ws/install/yolov8_msgs/share/yolov8_msgs/package.dsv'
[1.141s] INFO:colcon.colcon_core.shell:Creating package script '/home/sunny/cleaner_ws/phyAI_ws/install/yolov8_msgs/share/yolov8_msgs/package.sh'
[1.141s] INFO:colcon.colcon_core.shell:Creating package script '/home/sunny/cleaner_ws/phyAI_ws/install/yolov8_msgs/share/yolov8_msgs/package.bash'
[1.142s] INFO:colcon.colcon_core.shell:Creating package script '/home/sunny/cleaner_ws/phyAI_ws/install/yolov8_msgs/share/yolov8_msgs/package.zsh'
[1.142s] Level 1:colcon.colcon_core.environment:create_file_with_runtime_dependencies(/home/sunny/cleaner_ws/phyAI_ws/install/yolov8_msgs/share/colcon-core/packages/yolov8_msgs)
[1.142s] Level 1:colcon.colcon_core.environment:create_environment_scripts_only(yolov8_msgs)
[1.143s] Level 1:colcon.colcon_core.environment:checking '/home/sunny/cleaner_ws/phyAI_ws/install/yolov8_msgs' for CMake module files
[1.143s] Level 1:colcon.colcon_core.environment:checking '/home/sunny/cleaner_ws/phyAI_ws/install/yolov8_msgs' for CMake config files
[1.144s] Level 1:colcon.colcon_core.shell:create_environment_hook('yolov8_msgs', 'cmake_prefix_path')
[1.144s] INFO:colcon.colcon_core.shell:Creating environment hook '/home/sunny/cleaner_ws/phyAI_ws/install/yolov8_msgs/share/yolov8_msgs/hook/cmake_prefix_path.ps1'
[1.145s] INFO:colcon.colcon_core.shell:Creating environment descriptor '/home/sunny/cleaner_ws/phyAI_ws/install/yolov8_msgs/share/yolov8_msgs/hook/cmake_prefix_path.dsv'
[1.145s] INFO:colcon.colcon_core.shell:Creating environment hook '/home/sunny/cleaner_ws/phyAI_ws/install/yolov8_msgs/share/yolov8_msgs/hook/cmake_prefix_path.sh'
[1.145s] Level 1:colcon.colcon_core.environment:checking '/home/sunny/cleaner_ws/phyAI_ws/install/yolov8_msgs/lib'
[1.146s] Level 1:colcon.colcon_core.shell:create_environment_hook('yolov8_msgs', 'ld_library_path_lib')
[1.146s] INFO:colcon.colcon_core.shell:Creating environment hook '/home/sunny/cleaner_ws/phyAI_ws/install/yolov8_msgs/share/yolov8_msgs/hook/ld_library_path_lib.ps1'
[1.146s] INFO:colcon.colcon_core.shell:Creating environment descriptor '/home/sunny/cleaner_ws/phyAI_ws/install/yolov8_msgs/share/yolov8_msgs/hook/ld_library_path_lib.dsv'
[1.146s] INFO:colcon.colcon_core.shell:Creating environment hook '/home/sunny/cleaner_ws/phyAI_ws/install/yolov8_msgs/share/yolov8_msgs/hook/ld_library_path_lib.sh'
[1.147s] Level 1:colcon.colcon_core.environment:checking '/home/sunny/cleaner_ws/phyAI_ws/install/yolov8_msgs/bin'
[1.147s] Level 1:colcon.colcon_core.environment:checking '/home/sunny/cleaner_ws/phyAI_ws/install/yolov8_msgs/lib/pkgconfig/yolov8_msgs.pc'
[1.147s] Level 1:colcon.colcon_core.environment:checking '/home/sunny/cleaner_ws/phyAI_ws/install/yolov8_msgs/lib/python3.10/site-packages'
[1.147s] Level 1:colcon.colcon_core.environment:checking '/home/sunny/cleaner_ws/phyAI_ws/install/yolov8_msgs/bin'
[1.147s] INFO:colcon.colcon_core.shell:Creating package script '/home/sunny/cleaner_ws/phyAI_ws/install/yolov8_msgs/share/yolov8_msgs/package.ps1'
[1.148s] INFO:colcon.colcon_core.shell:Creating package descriptor '/home/sunny/cleaner_ws/phyAI_ws/install/yolov8_msgs/share/yolov8_msgs/package.dsv'
[1.149s] INFO:colcon.colcon_core.shell:Creating package script '/home/sunny/cleaner_ws/phyAI_ws/install/yolov8_msgs/share/yolov8_msgs/package.sh'
[1.149s] INFO:colcon.colcon_core.shell:Creating package script '/home/sunny/cleaner_ws/phyAI_ws/install/yolov8_msgs/share/yolov8_msgs/package.bash'
[1.149s] INFO:colcon.colcon_core.shell:Creating package script '/home/sunny/cleaner_ws/phyAI_ws/install/yolov8_msgs/share/yolov8_msgs/package.zsh'
[1.150s] Level 1:colcon.colcon_core.environment:create_file_with_runtime_dependencies(/home/sunny/cleaner_ws/phyAI_ws/install/yolov8_msgs/share/colcon-core/packages/yolov8_msgs)
[1.150s] INFO:colcon.colcon_ros.task.ament_python.build:Building ROS package in '/home/sunny/cleaner_ws/phyAI_ws/src/vision_context_builder' with build type 'ament_python'
[1.150s] Level 1:colcon.colcon_core.shell:create_environment_hook('vision_context_builder', 'ament_prefix_path')
[1.150s] INFO:colcon.colcon_core.shell:Creating environment hook '/home/sunny/cleaner_ws/phyAI_ws/install/vision_context_builder/share/vision_context_builder/hook/ament_prefix_path.ps1'
[1.152s] INFO:colcon.colcon_core.shell:Creating environment descriptor '/home/sunny/cleaner_ws/phyAI_ws/install/vision_context_builder/share/vision_context_builder/hook/ament_prefix_path.dsv'
[1.153s] INFO:colcon.colcon_core.shell:Creating environment hook '/home/sunny/cleaner_ws/phyAI_ws/install/vision_context_builder/share/vision_context_builder/hook/ament_prefix_path.sh'
[1.153s] INFO:colcon.colcon_core.shell:Skip shell extension 'powershell' for command environment: Not usable outside of PowerShell
[1.153s] DEBUG:colcon.colcon_core.shell:Skip shell extension 'dsv' for command environment
[1.162s] DEBUG:colcon.colcon_core.event_handler.log_command:Invoked command in '/home/sunny/cleaner_ws/phyAI_ws/build/usb_cam' returned '0': CMAKE_PREFIX_PATH=${CMAKE_PREFIX_PATH}:/home/sunny/cleaner_ws/phyAI_ws/install/yolov8_ros:/home/sunny/cleaner_ws/phyAI_ws/install/vision_context_builder:/home/sunny/cleaner_ws/phyAI_ws/install/gptapi:/home/sunny/cleaner_ws/phyAI_ws/install/cleaner_system2:/home/sunny/cleaner_ws/phyAI_ws/install/cleaner_system1:/opt/ros/humble /usr/bin/cmake --build /home/sunny/cleaner_ws/phyAI_ws/build/usb_cam -- -j16 -l16
[1.164s] DEBUG:colcon.colcon_core.event_handler.log_command:Invoking command in '/home/sunny/cleaner_ws/phyAI_ws/build/usb_cam': CMAKE_PREFIX_PATH=${CMAKE_PREFIX_PATH}:/home/sunny/cleaner_ws/phyAI_ws/install/yolov8_ros:/home/sunny/cleaner_ws/phyAI_ws/install/vision_context_builder:/home/sunny/cleaner_ws/phyAI_ws/install/gptapi:/home/sunny/cleaner_ws/phyAI_ws/install/cleaner_system2:/home/sunny/cleaner_ws/phyAI_ws/install/cleaner_system1:/opt/ros/humble /usr/bin/cmake --install /home/sunny/cleaner_ws/phyAI_ws/build/usb_cam
[1.360s] INFO:colcon.colcon_core.task.python.build:Building Python package in '/home/sunny/cleaner_ws/phyAI_ws/src/vision_context_builder'
[1.361s] INFO:colcon.colcon_core.shell:Skip shell extension 'powershell' for command environment: Not usable outside of PowerShell
[1.361s] DEBUG:colcon.colcon_core.shell:Skip shell extension 'dsv' for command environment
[1.368s] DEBUG:colcon.colcon_core.event_handler.log_command:Invoking command in '/home/sunny/cleaner_ws/phyAI_ws/src/cleaner_system1': PYTHONPATH=/home/sunny/cleaner_ws/phyAI_ws/build/cleaner_system1/prefix_override:/usr/lib/python3/dist-packages/colcon_core/task/python/colcon_distutils_commands:/home/sunny/cleaner_ws/phyAI_ws/install/cleaner_system1/lib/python3.10/site-packages:${PYTHONPATH} /usr/bin/python3 -W ignore:setup.py install is deprecated -W ignore:easy_install command is deprecated setup.py egg_info --egg-base ../../build/cleaner_system1 build --build-base /home/sunny/cleaner_ws/phyAI_ws/build/cleaner_system1/build install --record /home/sunny/cleaner_ws/phyAI_ws/build/cleaner_system1/install.log --single-version-externally-managed install_data
[1.369s] DEBUG:colcon.colcon_core.event_handler.log_command:Invoking command in '/home/sunny/cleaner_ws/phyAI_ws/src/yolov8_ros/yolov8_ros': PYTHONPATH=/home/sunny/cleaner_ws/phyAI_ws/build/yolov8_ros/prefix_override:/usr/lib/python3/dist-packages/colcon_core/task/python/colcon_distutils_commands:/home/sunny/cleaner_ws/phyAI_ws/install/yolov8_ros/lib/python3.10/site-packages:${PYTHONPATH} /usr/bin/python3 -W ignore:setup.py install is deprecated -W ignore:easy_install command is deprecated setup.py egg_info --egg-base ../../../build/yolov8_ros build --build-base /home/sunny/cleaner_ws/phyAI_ws/build/yolov8_ros/build install --record /home/sunny/cleaner_ws/phyAI_ws/build/yolov8_ros/install.log --single-version-externally-managed install_data
[1.371s] Level 1:colcon.colcon_core.environment:create_environment_scripts_only(usb_cam)
[1.371s] Level 1:colcon.colcon_core.environment:checking '/home/sunny/cleaner_ws/phyAI_ws/install/usb_cam' for CMake module files
[1.371s] DEBUG:colcon.colcon_core.event_handler.log_command:Invoking command in '/home/sunny/cleaner_ws/phyAI_ws/src/cleaner_system2': PYTHONPATH=/home/sunny/cleaner_ws/phyAI_ws/build/cleaner_system2/prefix_override:/usr/lib/python3/dist-packages/colcon_core/task/python/colcon_distutils_commands:/home/sunny/cleaner_ws/phyAI_ws/install/cleaner_system2/lib/python3.10/site-packages:${PYTHONPATH} /usr/bin/python3 -W ignore:setup.py install is deprecated -W ignore:easy_install command is deprecated setup.py egg_info --egg-base ../../build/cleaner_system2 build --build-base /home/sunny/cleaner_ws/phyAI_ws/build/cleaner_system2/build install --record /home/sunny/cleaner_ws/phyAI_ws/build/cleaner_system2/install.log --single-version-externally-managed install_data
[1.372s] Level 1:colcon.colcon_core.environment:checking '/home/sunny/cleaner_ws/phyAI_ws/install/usb_cam' for CMake config files
[1.372s] DEBUG:colcon.colcon_core.event_handler.log_command:Invoking command in '/home/sunny/cleaner_ws/phyAI_ws/src/gptapi': PYTHONPATH=/home/sunny/cleaner_ws/phyAI_ws/build/gptapi/prefix_override:/usr/lib/python3/dist-packages/colcon_core/task/python/colcon_distutils_commands:/home/sunny/cleaner_ws/phyAI_ws/install/gptapi/lib/python3.10/site-packages:${PYTHONPATH} /usr/bin/python3 -W ignore:setup.py install is deprecated -W ignore:easy_install command is deprecated setup.py egg_info --egg-base ../../build/gptapi build --build-base /home/sunny/cleaner_ws/phyAI_ws/build/gptapi/build install --record /home/sunny/cleaner_ws/phyAI_ws/build/gptapi/install.log --single-version-externally-managed install_data
[1.372s] DEBUG:colcon.colcon_core.event_handler.log_command:Invoked command in '/home/sunny/cleaner_ws/phyAI_ws/build/usb_cam' returned '0': CMAKE_PREFIX_PATH=${CMAKE_PREFIX_PATH}:/home/sunny/cleaner_ws/phyAI_ws/install/yolov8_ros:/home/sunny/cleaner_ws/phyAI_ws/install/vision_context_builder:/home/sunny/cleaner_ws/phyAI_ws/install/gptapi:/home/sunny/cleaner_ws/phyAI_ws/install/cleaner_system2:/home/sunny/cleaner_ws/phyAI_ws/install/cleaner_system1:/opt/ros/humble /usr/bin/cmake --install /home/sunny/cleaner_ws/phyAI_ws/build/usb_cam
[1.373s] Level 1:colcon.colcon_core.shell:create_environment_hook('usb_cam', 'cmake_prefix_path')
[1.373s] INFO:colcon.colcon_core.shell:Creating environment hook '/home/sunny/cleaner_ws/phyAI_ws/install/usb_cam/share/usb_cam/hook/cmake_prefix_path.ps1'
[1.373s] INFO:colcon.colcon_core.shell:Creating environment descriptor '/home/sunny/cleaner_ws/phyAI_ws/install/usb_cam/share/usb_cam/hook/cmake_prefix_path.dsv'
[1.373s] INFO:colcon.colcon_core.shell:Creating environment hook '/home/sunny/cleaner_ws/phyAI_ws/install/usb_cam/share/usb_cam/hook/cmake_prefix_path.sh'
[1.374s] Level 1:colcon.colcon_core.environment:checking '/home/sunny/cleaner_ws/phyAI_ws/install/usb_cam/lib'
[1.374s] Level 1:colcon.colcon_core.shell:create_environment_hook('usb_cam', 'ld_library_path_lib')
[1.374s] INFO:colcon.colcon_core.shell:Creating environment hook '/home/sunny/cleaner_ws/phyAI_ws/install/usb_cam/share/usb_cam/hook/ld_library_path_lib.ps1'
[1.374s] INFO:colcon.colcon_core.shell:Creating environment descriptor '/home/sunny/cleaner_ws/phyAI_ws/install/usb_cam/share/usb_cam/hook/ld_library_path_lib.dsv'
[1.374s] INFO:colcon.colcon_core.shell:Creating environment hook '/home/sunny/cleaner_ws/phyAI_ws/install/usb_cam/share/usb_cam/hook/ld_library_path_lib.sh'
[1.374s] Level 1:colcon.colcon_core.environment:checking '/home/sunny/cleaner_ws/phyAI_ws/install/usb_cam/bin'
[1.375s] Level 1:colcon.colcon_core.environment:checking '/home/sunny/cleaner_ws/phyAI_ws/install/usb_cam/lib/pkgconfig/usb_cam.pc'
[1.375s] Level 1:colcon.colcon_core.environment:checking '/home/sunny/cleaner_ws/phyAI_ws/install/usb_cam/lib/python3.10/site-packages'
[1.375s] Level 1:colcon.colcon_core.environment:checking '/home/sunny/cleaner_ws/phyAI_ws/install/usb_cam/bin'
[1.375s] INFO:colcon.colcon_core.shell:Creating package script '/home/sunny/cleaner_ws/phyAI_ws/install/usb_cam/share/usb_cam/package.ps1'
[1.376s] INFO:colcon.colcon_core.shell:Creating package descriptor '/home/sunny/cleaner_ws/phyAI_ws/install/usb_cam/share/usb_cam/package.dsv'
[1.377s] INFO:colcon.colcon_core.shell:Creating package script '/home/sunny/cleaner_ws/phyAI_ws/install/usb_cam/share/usb_cam/package.sh'
[1.377s] INFO:colcon.colcon_core.shell:Creating package script '/home/sunny/cleaner_ws/phyAI_ws/install/usb_cam/share/usb_cam/package.bash'
[1.378s] INFO:colcon.colcon_core.shell:Creating package script '/home/sunny/cleaner_ws/phyAI_ws/install/usb_cam/share/usb_cam/package.zsh'
[1.378s] Level 1:colcon.colcon_core.environment:create_file_with_runtime_dependencies(/home/sunny/cleaner_ws/phyAI_ws/install/usb_cam/share/colcon-core/packages/usb_cam)
[1.378s] Level 1:colcon.colcon_core.environment:create_environment_scripts_only(usb_cam)
[1.378s] Level 1:colcon.colcon_core.environment:checking '/home/sunny/cleaner_ws/phyAI_ws/install/usb_cam' for CMake module files
[1.379s] Level 1:colcon.colcon_core.environment:checking '/home/sunny/cleaner_ws/phyAI_ws/install/usb_cam' for CMake config files
[1.379s] Level 1:colcon.colcon_core.shell:create_environment_hook('usb_cam', 'cmake_prefix_path')
[1.379s] INFO:colcon.colcon_core.shell:Creating environment hook '/home/sunny/cleaner_ws/phyAI_ws/install/usb_cam/share/usb_cam/hook/cmake_prefix_path.ps1'
[1.379s] INFO:colcon.colcon_core.shell:Creating environment descriptor '/home/sunny/cleaner_ws/phyAI_ws/install/usb_cam/share/usb_cam/hook/cmake_prefix_path.dsv'
[1.380s] INFO:colcon.colcon_core.shell:Creating environment hook '/home/sunny/cleaner_ws/phyAI_ws/install/usb_cam/share/usb_cam/hook/cmake_prefix_path.sh'
[1.380s] Level 1:colcon.colcon_core.environment:checking '/home/sunny/cleaner_ws/phyAI_ws/install/usb_cam/lib'
[1.380s] Level 1:colcon.colcon_core.shell:create_environment_hook('usb_cam', 'ld_library_path_lib')
[1.380s] INFO:colcon.colcon_core.shell:Creating environment hook '/home/sunny/cleaner_ws/phyAI_ws/install/usb_cam/share/usb_cam/hook/ld_library_path_lib.ps1'
[1.380s] INFO:colcon.colcon_core.shell:Creating environment descriptor '/home/sunny/cleaner_ws/phyAI_ws/install/usb_cam/share/usb_cam/hook/ld_library_path_lib.dsv'
[1.381s] INFO:colcon.colcon_core.shell:Creating environment hook '/home/sunny/cleaner_ws/phyAI_ws/install/usb_cam/share/usb_cam/hook/ld_library_path_lib.sh'
[1.381s] Level 1:colcon.colcon_core.environment:checking '/home/sunny/cleaner_ws/phyAI_ws/install/usb_cam/bin'
[1.381s] Level 1:colcon.colcon_core.environment:checking '/home/sunny/cleaner_ws/phyAI_ws/install/usb_cam/lib/pkgconfig/usb_cam.pc'
[1.381s] Level 1:colcon.colcon_core.environment:checking '/home/sunny/cleaner_ws/phyAI_ws/install/usb_cam/lib/python3.10/site-packages'
[1.381s] Level 1:colcon.colcon_core.environment:checking '/home/sunny/cleaner_ws/phyAI_ws/install/usb_cam/bin'
[1.382s] INFO:colcon.colcon_core.shell:Creating package script '/home/sunny/cleaner_ws/phyAI_ws/install/usb_cam/share/usb_cam/package.ps1'
[1.382s] INFO:colcon.colcon_core.shell:Creating package descriptor '/home/sunny/cleaner_ws/phyAI_ws/install/usb_cam/share/usb_cam/package.dsv'
[1.382s] INFO:colcon.colcon_core.shell:Creating package script '/home/sunny/cleaner_ws/phyAI_ws/install/usb_cam/share/usb_cam/package.sh'
[1.383s] INFO:colcon.colcon_core.shell:Creating package script '/home/sunny/cleaner_ws/phyAI_ws/install/usb_cam/share/usb_cam/package.bash'
[1.383s] INFO:colcon.colcon_core.shell:Creating package script '/home/sunny/cleaner_ws/phyAI_ws/install/usb_cam/share/usb_cam/package.zsh'
[1.383s] Level 1:colcon.colcon_core.environment:create_file_with_runtime_dependencies(/home/sunny/cleaner_ws/phyAI_ws/install/usb_cam/share/colcon-core/packages/usb_cam)
[1.607s] Level 1:colcon.colcon_core.environment:checking '/home/sunny/cleaner_ws/phyAI_ws/install/gptapi' for CMake module files
[1.608s] DEBUG:colcon.colcon_core.event_handler.log_command:Invoked command in '/home/sunny/cleaner_ws/phyAI_ws/src/gptapi' returned '0': PYTHONPATH=/home/sunny/cleaner_ws/phyAI_ws/build/gptapi/prefix_override:/usr/lib/python3/dist-packages/colcon_core/task/python/colcon_distutils_commands:/home/sunny/cleaner_ws/phyAI_ws/install/gptapi/lib/python3.10/site-packages:${PYTHONPATH} /usr/bin/python3 -W ignore:setup.py install is deprecated -W ignore:easy_install command is deprecated setup.py egg_info --egg-base ../../build/gptapi build --build-base /home/sunny/cleaner_ws/phyAI_ws/build/gptapi/build install --record /home/sunny/cleaner_ws/phyAI_ws/build/gptapi/install.log --single-version-externally-managed install_data
[1.608s] Level 1:colcon.colcon_core.environment:checking '/home/sunny/cleaner_ws/phyAI_ws/install/gptapi' for CMake config files
[1.608s] Level 1:colcon.colcon_core.environment:checking '/home/sunny/cleaner_ws/phyAI_ws/install/gptapi/lib'
[1.608s] Level 1:colcon.colcon_core.environment:checking '/home/sunny/cleaner_ws/phyAI_ws/install/gptapi/bin'
[1.608s] Level 1:colcon.colcon_core.environment:checking '/home/sunny/cleaner_ws/phyAI_ws/install/gptapi/lib/pkgconfig/gptapi.pc'
[1.609s] Level 1:colcon.colcon_core.environment:checking '/home/sunny/cleaner_ws/phyAI_ws/install/gptapi/lib/python3.10/site-packages'
[1.609s] Level 1:colcon.colcon_core.shell:create_environment_hook('gptapi', 'pythonpath')
[1.609s] INFO:colcon.colcon_core.shell:Creating environment hook '/home/sunny/cleaner_ws/phyAI_ws/install/gptapi/share/gptapi/hook/pythonpath.ps1'
[1.609s] INFO:colcon.colcon_core.shell:Creating environment descriptor '/home/sunny/cleaner_ws/phyAI_ws/install/gptapi/share/gptapi/hook/pythonpath.dsv'
[1.610s] INFO:colcon.colcon_core.shell:Creating environment hook '/home/sunny/cleaner_ws/phyAI_ws/install/gptapi/share/gptapi/hook/pythonpath.sh'
[1.610s] Level 1:colcon.colcon_core.environment:checking '/home/sunny/cleaner_ws/phyAI_ws/install/gptapi/bin'
[1.610s] Level 1:colcon.colcon_core.environment:create_environment_scripts_only(gptapi)
[1.610s] INFO:colcon.colcon_core.shell:Creating package script '/home/sunny/cleaner_ws/phyAI_ws/install/gptapi/share/gptapi/package.ps1'
[1.611s] INFO:colcon.colcon_core.shell:Creating package descriptor '/home/sunny/cleaner_ws/phyAI_ws/install/gptapi/share/gptapi/package.dsv'
[1.611s] INFO:colcon.colcon_core.shell:Creating package script '/home/sunny/cleaner_ws/phyAI_ws/install/gptapi/share/gptapi/package.sh'
[1.612s] INFO:colcon.colcon_core.shell:Creating package script '/home/sunny/cleaner_ws/phyAI_ws/install/gptapi/share/gptapi/package.bash'
[1.612s] INFO:colcon.colcon_core.shell:Creating package script '/home/sunny/cleaner_ws/phyAI_ws/install/gptapi/share/gptapi/package.zsh'
[1.612s] Level 1:colcon.colcon_core.environment:create_file_with_runtime_dependencies(/home/sunny/cleaner_ws/phyAI_ws/install/gptapi/share/colcon-core/packages/gptapi)
[1.613s] Level 1:colcon.colcon_core.environment:checking '/home/sunny/cleaner_ws/phyAI_ws/install/cleaner_system1' for CMake module files
[1.614s] Level 1:colcon.colcon_core.environment:checking '/home/sunny/cleaner_ws/phyAI_ws/install/cleaner_system1' for CMake config files
[1.614s] DEBUG:colcon.colcon_core.event_handler.log_command:Invoked command in '/home/sunny/cleaner_ws/phyAI_ws/src/cleaner_system1' returned '0': PYTHONPATH=/home/sunny/cleaner_ws/phyAI_ws/build/cleaner_system1/prefix_override:/usr/lib/python3/dist-packages/colcon_core/task/python/colcon_distutils_commands:/home/sunny/cleaner_ws/phyAI_ws/install/cleaner_system1/lib/python3.10/site-packages:${PYTHONPATH} /usr/bin/python3 -W ignore:setup.py install is deprecated -W ignore:easy_install command is deprecated setup.py egg_info --egg-base ../../build/cleaner_system1 build --build-base /home/sunny/cleaner_ws/phyAI_ws/build/cleaner_system1/build install --record /home/sunny/cleaner_ws/phyAI_ws/build/cleaner_system1/install.log --single-version-externally-managed install_data
[1.615s] Level 1:colcon.colcon_core.environment:checking '/home/sunny/cleaner_ws/phyAI_ws/install/cleaner_system1/lib'
[1.615s] Level 1:colcon.colcon_core.environment:checking '/home/sunny/cleaner_ws/phyAI_ws/install/cleaner_system1/bin'
[1.615s] Level 1:colcon.colcon_core.environment:checking '/home/sunny/cleaner_ws/phyAI_ws/install/cleaner_system1/lib/pkgconfig/cleaner_system1.pc'
[1.615s] Level 1:colcon.colcon_core.environment:checking '/home/sunny/cleaner_ws/phyAI_ws/install/cleaner_system1/lib/python3.10/site-packages'
[1.615s] Level 1:colcon.colcon_core.shell:create_environment_hook('cleaner_system1', 'pythonpath')
[1.615s] INFO:colcon.colcon_core.shell:Creating environment hook '/home/sunny/cleaner_ws/phyAI_ws/install/cleaner_system1/share/cleaner_system1/hook/pythonpath.ps1'
[1.616s] INFO:colcon.colcon_core.shell:Creating environment descriptor '/home/sunny/cleaner_ws/phyAI_ws/install/cleaner_system1/share/cleaner_system1/hook/pythonpath.dsv'
[1.616s] INFO:colcon.colcon_core.shell:Creating environment hook '/home/sunny/cleaner_ws/phyAI_ws/install/cleaner_system1/share/cleaner_system1/hook/pythonpath.sh'
[1.616s] Level 1:colcon.colcon_core.environment:checking '/home/sunny/cleaner_ws/phyAI_ws/install/cleaner_system1/bin'
[1.616s] Level 1:colcon.colcon_core.environment:create_environment_scripts_only(cleaner_system1)
[1.617s] INFO:colcon.colcon_core.shell:Creating package script '/home/sunny/cleaner_ws/phyAI_ws/install/cleaner_system1/share/cleaner_system1/package.ps1'
[1.617s] INFO:colcon.colcon_core.shell:Creating package descriptor '/home/sunny/cleaner_ws/phyAI_ws/install/cleaner_system1/share/cleaner_system1/package.dsv'
[1.617s] INFO:colcon.colcon_core.shell:Creating package script '/home/sunny/cleaner_ws/phyAI_ws/install/cleaner_system1/share/cleaner_system1/package.sh'
[1.618s] INFO:colcon.colcon_core.shell:Creating package script '/home/sunny/cleaner_ws/phyAI_ws/install/cleaner_system1/share/cleaner_system1/package.bash'
[1.618s] INFO:colcon.colcon_core.shell:Creating package script '/home/sunny/cleaner_ws/phyAI_ws/install/cleaner_system1/share/cleaner_system1/package.zsh'
[1.618s] Level 1:colcon.colcon_core.environment:create_file_with_runtime_dependencies(/home/sunny/cleaner_ws/phyAI_ws/install/cleaner_system1/share/colcon-core/packages/cleaner_system1)
[1.618s] Level 1:colcon.colcon_core.environment:checking '/home/sunny/cleaner_ws/phyAI_ws/install/yolov8_ros' for CMake module files
[1.619s] Level 1:colcon.colcon_core.environment:checking '/home/sunny/cleaner_ws/phyAI_ws/install/yolov8_ros' for CMake config files
[1.619s] DEBUG:colcon.colcon_core.event_handler.log_command:Invoked command in '/home/sunny/cleaner_ws/phyAI_ws/src/yolov8_ros/yolov8_ros' returned '0': PYTHONPATH=/home/sunny/cleaner_ws/phyAI_ws/build/yolov8_ros/prefix_override:/usr/lib/python3/dist-packages/colcon_core/task/python/colcon_distutils_commands:/home/sunny/cleaner_ws/phyAI_ws/install/yolov8_ros/lib/python3.10/site-packages:${PYTHONPATH} /usr/bin/python3 -W ignore:setup.py install is deprecated -W ignore:easy_install command is deprecated setup.py egg_info --egg-base ../../../build/yolov8_ros build --build-base /home/sunny/cleaner_ws/phyAI_ws/build/yolov8_ros/build install --record /home/sunny/cleaner_ws/phyAI_ws/build/yolov8_ros/install.log --single-version-externally-managed install_data
[1.619s] Level 1:colcon.colcon_core.environment:checking '/home/sunny/cleaner_ws/phyAI_ws/install/yolov8_ros/lib'
[1.619s] Level 1:colcon.colcon_core.environment:checking '/home/sunny/cleaner_ws/phyAI_ws/install/yolov8_ros/bin'
[1.620s] Level 1:colcon.colcon_core.environment:checking '/home/sunny/cleaner_ws/phyAI_ws/install/yolov8_ros/lib/pkgconfig/yolov8_ros.pc'
[1.620s] Level 1:colcon.colcon_core.environment:checking '/home/sunny/cleaner_ws/phyAI_ws/install/yolov8_ros/lib/python3.10/site-packages'
[1.620s] Level 1:colcon.colcon_core.shell:create_environment_hook('yolov8_ros', 'pythonpath')
[1.620s] INFO:colcon.colcon_core.shell:Creating environment hook '/home/sunny/cleaner_ws/phyAI_ws/install/yolov8_ros/share/yolov8_ros/hook/pythonpath.ps1'
[1.620s] INFO:colcon.colcon_core.shell:Creating environment descriptor '/home/sunny/cleaner_ws/phyAI_ws/install/yolov8_ros/share/yolov8_ros/hook/pythonpath.dsv'
[1.620s] INFO:colcon.colcon_core.shell:Creating environment hook '/home/sunny/cleaner_ws/phyAI_ws/install/yolov8_ros/share/yolov8_ros/hook/pythonpath.sh'
[1.621s] Level 1:colcon.colcon_core.environment:checking '/home/sunny/cleaner_ws/phyAI_ws/install/yolov8_ros/bin'
[1.621s] Level 1:colcon.colcon_core.environment:create_environment_scripts_only(yolov8_ros)
[1.621s] INFO:colcon.colcon_core.shell:Creating package script '/home/sunny/cleaner_ws/phyAI_ws/install/yolov8_ros/share/yolov8_ros/package.ps1'
[1.621s] INFO:colcon.colcon_core.shell:Creating package descriptor '/home/sunny/cleaner_ws/phyAI_ws/install/yolov8_ros/share/yolov8_ros/package.dsv'
[1.622s] INFO:colcon.colcon_core.shell:Creating package script '/home/sunny/cleaner_ws/phyAI_ws/install/yolov8_ros/share/yolov8_ros/package.sh'
[1.622s] INFO:colcon.colcon_core.shell:Creating package script '/home/sunny/cleaner_ws/phyAI_ws/install/yolov8_ros/share/yolov8_ros/package.bash'
[1.622s] INFO:colcon.colcon_core.shell:Creating package script '/home/sunny/cleaner_ws/phyAI_ws/install/yolov8_ros/share/yolov8_ros/package.zsh'
[1.622s] Level 1:colcon.colcon_core.environment:create_file_with_runtime_dependencies(/home/sunny/cleaner_ws/phyAI_ws/install/yolov8_ros/share/colcon-core/packages/yolov8_ros)
[1.623s] INFO:colcon.colcon_ros.task.ament_cmake.build:Building ROS package in '/home/sunny/cleaner_ws/phyAI_ws/src/yolov8_ros/yolov8_bringup' with build type 'ament_cmake'
[1.623s] INFO:colcon.colcon_cmake.task.cmake.build:Building CMake package in '/home/sunny/cleaner_ws/phyAI_ws/src/yolov8_ros/yolov8_bringup'
[1.623s] INFO:colcon.colcon_core.shell:Skip shell extension 'powershell' for command environment: Not usable outside of PowerShell
[1.623s] DEBUG:colcon.colcon_core.shell:Skip shell extension 'dsv' for command environment
[1.629s] Level 1:colcon.colcon_core.environment:checking '/home/sunny/cleaner_ws/phyAI_ws/install/cleaner_system2' for CMake module files
[1.629s] DEBUG:colcon.colcon_core.event_handler.log_command:Invoked command in '/home/sunny/cleaner_ws/phyAI_ws/src/cleaner_system2' returned '0': PYTHONPATH=/home/sunny/cleaner_ws/phyAI_ws/build/cleaner_system2/prefix_override:/usr/lib/python3/dist-packages/colcon_core/task/python/colcon_distutils_commands:/home/sunny/cleaner_ws/phyAI_ws/install/cleaner_system2/lib/python3.10/site-packages:${PYTHONPATH} /usr/bin/python3 -W ignore:setup.py install is deprecated -W ignore:easy_install command is deprecated setup.py egg_info --egg-base ../../build/cleaner_system2 build --build-base /home/sunny/cleaner_ws/phyAI_ws/build/cleaner_system2/build install --record /home/sunny/cleaner_ws/phyAI_ws/build/cleaner_system2/install.log --single-version-externally-managed install_data
[1.629s] Level 1:colcon.colcon_core.environment:checking '/home/sunny/cleaner_ws/phyAI_ws/install/cleaner_system2' for CMake config files
[1.630s] Level 1:colcon.colcon_core.environment:checking '/home/sunny/cleaner_ws/phyAI_ws/install/cleaner_system2/lib'
[1.630s] Level 1:colcon.colcon_core.environment:checking '/home/sunny/cleaner_ws/phyAI_ws/install/cleaner_system2/bin'
[1.630s] Level 1:colcon.colcon_core.environment:checking '/home/sunny/cleaner_ws/phyAI_ws/install/cleaner_system2/lib/pkgconfig/cleaner_system2.pc'
[1.630s] Level 1:colcon.colcon_core.environment:checking '/home/sunny/cleaner_ws/phyAI_ws/install/cleaner_system2/lib/python3.10/site-packages'
[1.630s] Level 1:colcon.colcon_core.shell:create_environment_hook('cleaner_system2', 'pythonpath')
[1.630s] INFO:colcon.colcon_core.shell:Creating environment hook '/home/sunny/cleaner_ws/phyAI_ws/install/cleaner_system2/share/cleaner_system2/hook/pythonpath.ps1'
[1.630s] INFO:colcon.colcon_core.shell:Creating environment descriptor '/home/sunny/cleaner_ws/phyAI_ws/install/cleaner_system2/share/cleaner_system2/hook/pythonpath.dsv'
[1.631s] INFO:colcon.colcon_core.shell:Creating environment hook '/home/sunny/cleaner_ws/phyAI_ws/install/cleaner_system2/share/cleaner_system2/hook/pythonpath.sh'
[1.631s] Level 1:colcon.colcon_core.environment:checking '/home/sunny/cleaner_ws/phyAI_ws/install/cleaner_system2/bin'
[1.631s] Level 1:colcon.colcon_core.environment:create_environment_scripts_only(cleaner_system2)
[1.632s] INFO:colcon.colcon_core.shell:Creating package script '/home/sunny/cleaner_ws/phyAI_ws/install/cleaner_system2/share/cleaner_system2/package.ps1'
[1.632s] INFO:colcon.colcon_core.shell:Creating package descriptor '/home/sunny/cleaner_ws/phyAI_ws/install/cleaner_system2/share/cleaner_system2/package.dsv'
[1.632s] INFO:colcon.colcon_core.shell:Creating package script '/home/sunny/cleaner_ws/phyAI_ws/install/cleaner_system2/share/cleaner_system2/package.sh'
[1.632s] INFO:colcon.colcon_core.shell:Creating package script '/home/sunny/cleaner_ws/phyAI_ws/install/cleaner_system2/share/cleaner_system2/package.bash'
[1.633s] INFO:colcon.colcon_core.shell:Creating package script '/home/sunny/cleaner_ws/phyAI_ws/install/cleaner_system2/share/cleaner_system2/package.zsh'
[1.633s] Level 1:colcon.colcon_core.environment:create_file_with_runtime_dependencies(/home/sunny/cleaner_ws/phyAI_ws/install/cleaner_system2/share/colcon-core/packages/cleaner_system2)
[1.636s] DEBUG:colcon.colcon_core.event_handler.log_command:Invoking command in '/home/sunny/cleaner_ws/phyAI_ws/build/yolov8_bringup': AMENT_PREFIX_PATH=/home/sunny/cleaner_ws/phyAI_ws/install/yolov8_ros:/home/sunny/cleaner_ws/phyAI_ws/install/yolov8_bringup:/home/sunny/cleaner_ws/phyAI_ws/install/vision_context_builder:/home/sunny/cleaner_ws/phyAI_ws/install/yolov8_msgs:/home/sunny/cleaner_ws/phyAI_ws/install/usb_cam:/home/sunny/cleaner_ws/phyAI_ws/install/gptapi:/home/sunny/cleaner_ws/phyAI_ws/install/cleaner_system2:/home/sunny/cleaner_ws/phyAI_ws/install/cleaner_system1:/home/sunny/cleaner_ws/phyAI_ws/install/cleaner_msgs:/opt/ros/humble CMAKE_PREFIX_PATH=${CMAKE_PREFIX_PATH}:/home/sunny/cleaner_ws/phyAI_ws/install/yolov8_ros:/home/sunny/cleaner_ws/phyAI_ws/install/vision_context_builder:/home/sunny/cleaner_ws/phyAI_ws/install/gptapi:/home/sunny/cleaner_ws/phyAI_ws/install/cleaner_system2:/home/sunny/cleaner_ws/phyAI_ws/install/cleaner_system1:/opt/ros/humble /usr/bin/cmake --build /home/sunny/cleaner_ws/phyAI_ws/build/yolov8_bringup -- -j16 -l16
[1.663s] DEBUG:colcon.colcon_core.event_handler.log_command:Invoking command in '/home/sunny/cleaner_ws/phyAI_ws/src/vision_context_builder': CMAKE_PREFIX_PATH=/home/sunny/cleaner_ws/phyAI_ws/install/yolov8_msgs:/home/sunny/cleaner_ws/phyAI_ws/install/yolov8_bringup:/home/sunny/cleaner_ws/phyAI_ws/install/usb_cam:/home/sunny/cleaner_ws/phyAI_ws/install/cleaner_msgs PYTHONPATH=/home/sunny/cleaner_ws/phyAI_ws/build/vision_context_builder/prefix_override:/usr/lib/python3/dist-packages/colcon_core/task/python/colcon_distutils_commands:/home/sunny/cleaner_ws/phyAI_ws/install/vision_context_builder/lib/python3.10/site-packages:${PYTHONPATH} /usr/bin/python3 -W ignore:setup.py install is deprecated -W ignore:easy_install command is deprecated setup.py egg_info --egg-base ../../build/vision_context_builder build --build-base /home/sunny/cleaner_ws/phyAI_ws/build/vision_context_builder/build install --record /home/sunny/cleaner_ws/phyAI_ws/build/vision_context_builder/install.log --single-version-externally-managed install_data
[1.671s] DEBUG:colcon.colcon_core.event_handler.log_command:Invoked command in '/home/sunny/cleaner_ws/phyAI_ws/build/yolov8_bringup' returned '0': AMENT_PREFIX_PATH=/home/sunny/cleaner_ws/phyAI_ws/install/yolov8_ros:/home/sunny/cleaner_ws/phyAI_ws/install/yolov8_bringup:/home/sunny/cleaner_ws/phyAI_ws/install/vision_context_builder:/home/sunny/cleaner_ws/phyAI_ws/install/yolov8_msgs:/home/sunny/cleaner_ws/phyAI_ws/install/usb_cam:/home/sunny/cleaner_ws/phyAI_ws/install/gptapi:/home/sunny/cleaner_ws/phyAI_ws/install/cleaner_system2:/home/sunny/cleaner_ws/phyAI_ws/install/cleaner_system1:/home/sunny/cleaner_ws/phyAI_ws/install/cleaner_msgs:/opt/ros/humble CMAKE_PREFIX_PATH=${CMAKE_PREFIX_PATH}:/home/sunny/cleaner_ws/phyAI_ws/install/yolov8_ros:/home/sunny/cleaner_ws/phyAI_ws/install/vision_context_builder:/home/sunny/cleaner_ws/phyAI_ws/install/gptapi:/home/sunny/cleaner_ws/phyAI_ws/install/cleaner_system2:/home/sunny/cleaner_ws/phyAI_ws/install/cleaner_system1:/opt/ros/humble /usr/bin/cmake --build /home/sunny/cleaner_ws/phyAI_ws/build/yolov8_bringup -- -j16 -l16
[1.672s] DEBUG:colcon.colcon_core.event_handler.log_command:Invoking command in '/home/sunny/cleaner_ws/phyAI_ws/build/yolov8_bringup': AMENT_PREFIX_PATH=/home/sunny/cleaner_ws/phyAI_ws/install/yolov8_ros:/home/sunny/cleaner_ws/phyAI_ws/install/yolov8_bringup:/home/sunny/cleaner_ws/phyAI_ws/install/vision_context_builder:/home/sunny/cleaner_ws/phyAI_ws/install/yolov8_msgs:/home/sunny/cleaner_ws/phyAI_ws/install/usb_cam:/home/sunny/cleaner_ws/phyAI_ws/install/gptapi:/home/sunny/cleaner_ws/phyAI_ws/install/cleaner_system2:/home/sunny/cleaner_ws/phyAI_ws/install/cleaner_system1:/home/sunny/cleaner_ws/phyAI_ws/install/cleaner_msgs:/opt/ros/humble CMAKE_PREFIX_PATH=${CMAKE_PREFIX_PATH}:/home/sunny/cleaner_ws/phyAI_ws/install/yolov8_ros:/home/sunny/cleaner_ws/phyAI_ws/install/vision_context_builder:/home/sunny/cleaner_ws/phyAI_ws/install/gptapi:/home/sunny/cleaner_ws/phyAI_ws/install/cleaner_system2:/home/sunny/cleaner_ws/phyAI_ws/install/cleaner_system1:/opt/ros/humble /usr/bin/cmake --install /home/sunny/cleaner_ws/phyAI_ws/build/yolov8_bringup
[1.682s] Level 1:colcon.colcon_core.environment:create_environment_scripts_only(yolov8_bringup)
[1.682s] Level 1:colcon.colcon_core.environment:checking '/home/sunny/cleaner_ws/phyAI_ws/install/yolov8_bringup' for CMake module files
[1.682s] DEBUG:colcon.colcon_core.event_handler.log_command:Invoked command in '/home/sunny/cleaner_ws/phyAI_ws/build/yolov8_bringup' returned '0': AMENT_PREFIX_PATH=/home/sunny/cleaner_ws/phyAI_ws/install/yolov8_ros:/home/sunny/cleaner_ws/phyAI_ws/install/yolov8_bringup:/home/sunny/cleaner_ws/phyAI_ws/install/vision_context_builder:/home/sunny/cleaner_ws/phyAI_ws/install/yolov8_msgs:/home/sunny/cleaner_ws/phyAI_ws/install/usb_cam:/home/sunny/cleaner_ws/phyAI_ws/install/gptapi:/home/sunny/cleaner_ws/phyAI_ws/install/cleaner_system2:/home/sunny/cleaner_ws/phyAI_ws/install/cleaner_system1:/home/sunny/cleaner_ws/phyAI_ws/install/cleaner_msgs:/opt/ros/humble CMAKE_PREFIX_PATH=${CMAKE_PREFIX_PATH}:/home/sunny/cleaner_ws/phyAI_ws/install/yolov8_ros:/home/sunny/cleaner_ws/phyAI_ws/install/vision_context_builder:/home/sunny/cleaner_ws/phyAI_ws/install/gptapi:/home/sunny/cleaner_ws/phyAI_ws/install/cleaner_system2:/home/sunny/cleaner_ws/phyAI_ws/install/cleaner_system1:/opt/ros/humble /usr/bin/cmake --install /home/sunny/cleaner_ws/phyAI_ws/build/yolov8_bringup
[1.682s] Level 1:colcon.colcon_core.environment:checking '/home/sunny/cleaner_ws/phyAI_ws/install/yolov8_bringup' for CMake config files
[1.683s] Level 1:colcon.colcon_core.shell:create_environment_hook('yolov8_bringup', 'cmake_prefix_path')
[1.683s] INFO:colcon.colcon_core.shell:Creating environment hook '/home/sunny/cleaner_ws/phyAI_ws/install/yolov8_bringup/share/yolov8_bringup/hook/cmake_prefix_path.ps1'
[1.683s] INFO:colcon.colcon_core.shell:Creating environment descriptor '/home/sunny/cleaner_ws/phyAI_ws/install/yolov8_bringup/share/yolov8_bringup/hook/cmake_prefix_path.dsv'
[1.683s] INFO:colcon.colcon_core.shell:Creating environment hook '/home/sunny/cleaner_ws/phyAI_ws/install/yolov8_bringup/share/yolov8_bringup/hook/cmake_prefix_path.sh'
[1.684s] Level 1:colcon.colcon_core.environment:checking '/home/sunny/cleaner_ws/phyAI_ws/install/yolov8_bringup/bin'
[1.684s] Level 1:colcon.colcon_core.environment:checking '/home/sunny/cleaner_ws/phyAI_ws/install/yolov8_bringup/lib/pkgconfig/yolov8_bringup.pc'
[1.684s] Level 1:colcon.colcon_core.environment:checking '/home/sunny/cleaner_ws/phyAI_ws/install/yolov8_bringup/lib/python3.10/site-packages'
[1.684s] Level 1:colcon.colcon_core.environment:checking '/home/sunny/cleaner_ws/phyAI_ws/install/yolov8_bringup/bin'
[1.684s] INFO:colcon.colcon_core.shell:Creating package script '/home/sunny/cleaner_ws/phyAI_ws/install/yolov8_bringup/share/yolov8_bringup/package.ps1'
[1.685s] INFO:colcon.colcon_core.shell:Creating package descriptor '/home/sunny/cleaner_ws/phyAI_ws/install/yolov8_bringup/share/yolov8_bringup/package.dsv'
[1.685s] INFO:colcon.colcon_core.shell:Creating package script '/home/sunny/cleaner_ws/phyAI_ws/install/yolov8_bringup/share/yolov8_bringup/package.sh'
[1.685s] INFO:colcon.colcon_core.shell:Creating package script '/home/sunny/cleaner_ws/phyAI_ws/install/yolov8_bringup/share/yolov8_bringup/package.bash'
[1.685s] INFO:colcon.colcon_core.shell:Creating package script '/home/sunny/cleaner_ws/phyAI_ws/install/yolov8_bringup/share/yolov8_bringup/package.zsh'
[1.685s] Level 1:colcon.colcon_core.environment:create_file_with_runtime_dependencies(/home/sunny/cleaner_ws/phyAI_ws/install/yolov8_bringup/share/colcon-core/packages/yolov8_bringup)
[1.686s] Level 1:colcon.colcon_core.environment:create_environment_scripts_only(yolov8_bringup)
[1.686s] Level 1:colcon.colcon_core.environment:checking '/home/sunny/cleaner_ws/phyAI_ws/install/yolov8_bringup' for CMake module files
[1.686s] Level 1:colcon.colcon_core.environment:checking '/home/sunny/cleaner_ws/phyAI_ws/install/yolov8_bringup' for CMake config files
[1.686s] Level 1:colcon.colcon_core.shell:create_environment_hook('yolov8_bringup', 'cmake_prefix_path')
[1.686s] INFO:colcon.colcon_core.shell:Creating environment hook '/home/sunny/cleaner_ws/phyAI_ws/install/yolov8_bringup/share/yolov8_bringup/hook/cmake_prefix_path.ps1'
[1.687s] INFO:colcon.colcon_core.shell:Creating environment descriptor '/home/sunny/cleaner_ws/phyAI_ws/install/yolov8_bringup/share/yolov8_bringup/hook/cmake_prefix_path.dsv'
[1.687s] INFO:colcon.colcon_core.shell:Creating environment hook '/home/sunny/cleaner_ws/phyAI_ws/install/yolov8_bringup/share/yolov8_bringup/hook/cmake_prefix_path.sh'
[1.687s] Level 1:colcon.colcon_core.environment:checking '/home/sunny/cleaner_ws/phyAI_ws/install/yolov8_bringup/bin'
[1.687s] Level 1:colcon.colcon_core.environment:checking '/home/sunny/cleaner_ws/phyAI_ws/install/yolov8_bringup/lib/pkgconfig/yolov8_bringup.pc'
[1.687s] Level 1:colcon.colcon_core.environment:checking '/home/sunny/cleaner_ws/phyAI_ws/install/yolov8_bringup/lib/python3.10/site-packages'
[1.688s] Level 1:colcon.colcon_core.environment:checking '/home/sunny/cleaner_ws/phyAI_ws/install/yolov8_bringup/bin'
[1.688s] INFO:colcon.colcon_core.shell:Creating package script '/home/sunny/cleaner_ws/phyAI_ws/install/yolov8_bringup/share/yolov8_bringup/package.ps1'
[1.688s] INFO:colcon.colcon_core.shell:Creating package descriptor '/home/sunny/cleaner_ws/phyAI_ws/install/yolov8_bringup/share/yolov8_bringup/package.dsv'
[1.688s] INFO:colcon.colcon_core.shell:Creating package script '/home/sunny/cleaner_ws/phyAI_ws/install/yolov8_bringup/share/yolov8_bringup/package.sh'
[1.689s] INFO:colcon.colcon_core.shell:Creating package script '/home/sunny/cleaner_ws/phyAI_ws/install/yolov8_bringup/share/yolov8_bringup/package.bash'
[1.689s] INFO:colcon.colcon_core.shell:Creating package script '/home/sunny/cleaner_ws/phyAI_ws/install/yolov8_bringup/share/yolov8_bringup/package.zsh'
[1.689s] Level 1:colcon.colcon_core.environment:create_file_with_runtime_dependencies(/home/sunny/cleaner_ws/phyAI_ws/install/yolov8_bringup/share/colcon-core/packages/yolov8_bringup)
[1.886s] Level 1:colcon.colcon_core.environment:checking '/home/sunny/cleaner_ws/phyAI_ws/install/vision_context_builder' for CMake module files
[1.887s] DEBUG:colcon.colcon_core.event_handler.log_command:Invoked command in '/home/sunny/cleaner_ws/phyAI_ws/src/vision_context_builder' returned '0': CMAKE_PREFIX_PATH=/home/sunny/cleaner_ws/phyAI_ws/install/yolov8_msgs:/home/sunny/cleaner_ws/phyAI_ws/install/yolov8_bringup:/home/sunny/cleaner_ws/phyAI_ws/install/usb_cam:/home/sunny/cleaner_ws/phyAI_ws/install/cleaner_msgs PYTHONPATH=/home/sunny/cleaner_ws/phyAI_ws/build/vision_context_builder/prefix_override:/usr/lib/python3/dist-packages/colcon_core/task/python/colcon_distutils_commands:/home/sunny/cleaner_ws/phyAI_ws/install/vision_context_builder/lib/python3.10/site-packages:${PYTHONPATH} /usr/bin/python3 -W ignore:setup.py install is deprecated -W ignore:easy_install command is deprecated setup.py egg_info --egg-base ../../build/vision_context_builder build --build-base /home/sunny/cleaner_ws/phyAI_ws/build/vision_context_builder/build install --record /home/sunny/cleaner_ws/phyAI_ws/build/vision_context_builder/install.log --single-version-externally-managed install_data
[1.887s] Level 1:colcon.colcon_core.environment:checking '/home/sunny/cleaner_ws/phyAI_ws/install/vision_context_builder' for CMake config files
[1.887s] Level 1:colcon.colcon_core.environment:checking '/home/sunny/cleaner_ws/phyAI_ws/install/vision_context_builder/lib'
[1.887s] Level 1:colcon.colcon_core.environment:checking '/home/sunny/cleaner_ws/phyAI_ws/install/vision_context_builder/bin'
[1.887s] Level 1:colcon.colcon_core.environment:checking '/home/sunny/cleaner_ws/phyAI_ws/install/vision_context_builder/lib/pkgconfig/vision_context_builder.pc'
[1.888s] Level 1:colcon.colcon_core.environment:checking '/home/sunny/cleaner_ws/phyAI_ws/install/vision_context_builder/lib/python3.10/site-packages'
[1.888s] Level 1:colcon.colcon_core.shell:create_environment_hook('vision_context_builder', 'pythonpath')
[1.888s] INFO:colcon.colcon_core.shell:Creating environment hook '/home/sunny/cleaner_ws/phyAI_ws/install/vision_context_builder/share/vision_context_builder/hook/pythonpath.ps1'
[1.888s] INFO:colcon.colcon_core.shell:Creating environment descriptor '/home/sunny/cleaner_ws/phyAI_ws/install/vision_context_builder/share/vision_context_builder/hook/pythonpath.dsv'
[1.889s] INFO:colcon.colcon_core.shell:Creating environment hook '/home/sunny/cleaner_ws/phyAI_ws/install/vision_context_builder/share/vision_context_builder/hook/pythonpath.sh'
[1.889s] Level 1:colcon.colcon_core.environment:checking '/home/sunny/cleaner_ws/phyAI_ws/install/vision_context_builder/bin'
[1.889s] Level 1:colcon.colcon_core.environment:create_environment_scripts_only(vision_context_builder)
[1.890s] INFO:colcon.colcon_core.shell:Creating package script '/home/sunny/cleaner_ws/phyAI_ws/install/vision_context_builder/share/vision_context_builder/package.ps1'
[1.890s] INFO:colcon.colcon_core.shell:Creating package descriptor '/home/sunny/cleaner_ws/phyAI_ws/install/vision_context_builder/share/vision_context_builder/package.dsv'
[1.891s] INFO:colcon.colcon_core.shell:Creating package script '/home/sunny/cleaner_ws/phyAI_ws/install/vision_context_builder/share/vision_context_builder/package.sh'
[1.891s] INFO:colcon.colcon_core.shell:Creating package script '/home/sunny/cleaner_ws/phyAI_ws/install/vision_context_builder/share/vision_context_builder/package.bash'
[1.891s] INFO:colcon.colcon_core.shell:Creating package script '/home/sunny/cleaner_ws/phyAI_ws/install/vision_context_builder/share/vision_context_builder/package.zsh'
[1.892s] Level 1:colcon.colcon_core.environment:create_file_with_runtime_dependencies(/home/sunny/cleaner_ws/phyAI_ws/install/vision_context_builder/share/colcon-core/packages/vision_context_builder)
[1.892s] DEBUG:colcon.colcon_parallel_executor.executor.parallel:closing loop
[1.892s] DEBUG:colcon.colcon_parallel_executor.executor.parallel:loop closed
[1.892s] DEBUG:colcon.colcon_parallel_executor.executor.parallel:run_until_complete finished with '0'
[1.892s] DEBUG:colcon.colcon_core.event_reactor:joining thread
[1.896s] INFO:colcon.colcon_core.plugin_system:Skipping extension 'colcon_notification.desktop_notification.terminal_notifier': Not used on non-Darwin systems
[1.896s] INFO:colcon.colcon_core.plugin_system:Skipping extension 'colcon_notification.desktop_notification.win32': Not used on non-Windows systems
[1.896s] INFO:colcon.colcon_notification.desktop_notification:Sending desktop notification using 'notify2'
[1.903s] DEBUG:colcon.colcon_core.event_reactor:joined thread
[1.903s] INFO:colcon.colcon_core.shell:Creating prefix script '/home/sunny/cleaner_ws/phyAI_ws/install/local_setup.ps1'
[1.904s] INFO:colcon.colcon_core.shell:Creating prefix util module '/home/sunny/cleaner_ws/phyAI_ws/install/_local_setup_util_ps1.py'
[1.905s] INFO:colcon.colcon_core.shell:Creating prefix chain script '/home/sunny/cleaner_ws/phyAI_ws/install/setup.ps1'
[1.906s] INFO:colcon.colcon_core.shell:Creating prefix script '/home/sunny/cleaner_ws/phyAI_ws/install/local_setup.sh'
[1.906s] INFO:colcon.colcon_core.shell:Creating prefix util module '/home/sunny/cleaner_ws/phyAI_ws/install/_local_setup_util_sh.py'
[1.906s] INFO:colcon.colcon_core.shell:Creating prefix chain script '/home/sunny/cleaner_ws/phyAI_ws/install/setup.sh'
[1.907s] INFO:colcon.colcon_core.shell:Creating prefix script '/home/sunny/cleaner_ws/phyAI_ws/install/local_setup.bash'
[1.908s] INFO:colcon.colcon_core.shell:Creating prefix chain script '/home/sunny/cleaner_ws/phyAI_ws/install/setup.bash'
[1.908s] INFO:colcon.colcon_core.shell:Creating prefix script '/home/sunny/cleaner_ws/phyAI_ws/install/local_setup.zsh'
[1.909s] INFO:colcon.colcon_core.shell:Creating prefix chain script '/home/sunny/cleaner_ws/phyAI_ws/install/setup.zsh'
